timestamp,ap_id,band,channel,channel_width_mhz,tx_power_dbm,noise_floor_dbm,avg_client_snr_db,throughput_avg_mbps,p95_retry_pct,mean_qoe,busy_time,total_time,airtime_utilization_pct,nwifi_detected,nwifi_type
2025-11-02T00:00:00,AP_5_104,5,104,20,20.0,-98.16979525631248,34.682987130327284,291.5505176104981,55.35681529601797,3.8302545228265834,2.353032942667673,10,23.53032942667673,False,wifi
2025-11-02T00:00:10,AP_5_104,5,104,20,20.0,-95.88118845275719,32.94242759469217,272.9960647552738,61.37201890735037,3.662435069667962,2.1167098375889584,10,21.167098375889584,False,wifi
2025-11-02T00:00:20,AP_5_104,5,104,20,20.0,-94.6161155541692,31.13759312894785,298.4613230018916,75.12543653354386,3.8371682766223607,2.1595398164498025,10,21.595398164498025,False,wifi
2025-11-02T00:00:30,AP_5_104,5,104,20,20.0,-96.00329770881845,32.5563705837158,292.3359250771421,59.985669163907176,3.787605201769785,1.9136329627732902,10,19.136329627732902,False,wifi
2025-11-02T00:00:40,AP_5_104,5,104,20,20.0,-95.75431109069825,32.68449610921509,223.69015575892917,100.0,3.2491518248127798,2.7198239936227515,10,27.198239936227512,False,wifi
2025-11-02T00:00:50,AP_5_104,5,104,20,20.0,-97.66339260659021,33.736601360106924,242.12962999316642,75.27995329568935,3.3733146751079746,2.5166181201823017,10,25.16618120182302,False,wifi
2025-11-02T00:01:00,AP_5_104,5,104,20,20.0,-96.0022701436118,32.33565852940306,289.55559165649316,81.62754432696752,3.8152537194107197,2.045118471018267,10,20.45118471018267,False,wifi
2025-11-02T00:01:10,AP_5_104,5,104,20,20.0,-93.4113523213016,30.559468916732403,236.53509812236675,99.54160788190639,3.3375705678485397,1.9100584693333778,10,19.10058469333378,False,wifi
2025-11-02T00:01:20,AP_5_104,5,104,20,20.0,-96.88201039120821,33.427105022900655,313.13845291612677,67.92467440962092,4.013283151531945,2.127127816125155,10,21.271278161251548,False,wifi
2025-11-02T00:01:30,AP_5_104,5,104,20,20.0,-94.68842353781257,31.761916952193598,319.3762315532679,77.66882710711124,4.059635486433878,2.4235618653098756,10,24.235618653098754,False,wifi
2025-11-02T00:01:40,AP_5_104,5,104,20,20.0,-94.8669736151405,32.782338685798116,261.163694452635,99.16733063343179,3.590299460268966,2.1234569390038707,10,21.234569390038708,False,wifi
2025-11-02T00:01:50,AP_5_104,5,104,20,20.0,-94.03412612820715,31.129778922647738,217.9383082919202,94.21607265290051,3.1471560385081885,1.9749915179231485,10,19.749915179231486,False,wifi
2025-11-02T00:02:00,AP_5_104,5,104,20,20.0,-96.3267236637022,33.08879119590023,251.2182010066014,86.03634423095204,3.459888303247774,2.2422687636019183,10,22.422687636019184,False,wifi
2025-11-02T00:02:10,AP_5_104,5,104,20,20.0,-97.40637980235978,33.54533963749181,267.8624236146298,78.63661251306199,3.5996954453999868,2.41751177393301,10,24.175117739330098,False,wifi
2025-11-02T00:02:20,AP_5_104,5,104,20,20.0,-95.90023992222255,32.985992594937194,269.6876804228626,90.37220619613693,3.612843661309669,1.9134346455052125,10,19.134346455052125,False,wifi
2025-11-02T00:02:30,AP_5_104,5,104,20,20.0,-94.74654478305101,32.51652428565505,275.47753339150006,93.951201027909,3.695151498151303,2.3360186097837734,10,23.360186097837733,False,wifi
2025-11-02T00:02:40,AP_5_104,5,104,20,20.0,-95.1398102755391,32.82910877674385,317.33179852778375,73.03308526131269,4.038488063931369,2.2951808849633752,10,22.951808849633753,False,wifi
2025-11-02T00:02:50,AP_5_104,5,104,20,20.0,-95.32875517225892,32.68918967464378,294.4897460847752,79.81859565027739,3.822019913535043,2.5195676862442435,10,25.195676862442433,False,wifi
2025-11-02T00:03:00,AP_5_104,5,104,20,20.0,-96.26859253403042,33.06911510099725,296.4706207777855,77.00753206959487,3.872387624014356,1.9684479838648379,10,19.68447983864838,False,wifi
2025-11-02T00:03:10,AP_5_104,5,104,20,20.0,-94.95279766288652,32.09178306720955,314.7161014222714,76.91254002721354,3.9998774791138283,2.2350585840612087,10,22.350585840612087,False,wifi
2025-11-02T00:03:20,AP_5_104,5,104,20,20.0,-97.00872879261864,33.54149336973371,262.07164858403564,78.88637777708921,3.5377348132946964,2.350186616493374,10,23.50186616493374,False,wifi
2025-11-02T00:03:30,AP_5_104,5,104,20,20.0,-97.39412983524264,34.21321406522503,292.0920299660983,60.01418315935704,3.7955754344774624,2.179022879750976,10,21.79022879750976,False,wifi
2025-11-02T00:03:40,AP_5_104,5,104,20,20.0,-96.66004212093831,33.75805377653266,328.9749618617208,56.638817956594075,4.17652475377584,2.208785798940862,10,22.087857989408622,False,wifi
2025-11-02T00:03:50,AP_5_104,5,104,20,20.0,-96.85839572225011,33.282171173218345,305.8301441787902,67.6567181009458,3.9493999665151187,2.4104589132224006,10,24.104589132224007,False,wifi
2025-11-02T00:04:00,AP_5_104,5,104,20,20.0,-94.3170227931152,31.71525197234382,248.99042985652213,100.0,3.431450401913213,2.0016890355296337,10,20.016890355296336,False,wifi
2025-11-02T00:04:10,AP_5_104,5,104,20,20.0,-96.13515627401742,32.04948370353105,267.01924907606036,87.44538452850087,3.595608402937075,2.4813668263757425,10,24.813668263757425,False,wifi
2025-11-02T00:04:20,AP_5_104,5,104,20,20.0,-94.40649635043586,31.448899825977055,302.623242511812,72.04606770968917,3.945634184919926,2.6619787352347126,10,26.619787352347124,False,wifi
2025-11-02T00:04:30,AP_5_104,5,104,20,20.0,-95.80377114328331,33.30308466088046,238.6693710589521,98.26180304997095,3.38866062851382,2.6308931936302082,10,26.30893193630208,False,wifi
2025-11-02T00:04:40,AP_5_104,5,104,20,20.0,-95.47689056807974,32.51289741325255,312.9545608787813,73.95747893190025,4.0506522419546815,2.3191043678972854,10,23.191043678972854,False,wifi
2025-11-02T00:04:50,AP_5_104,5,104,20,20.0,-95.17008792772565,31.992032903374895,229.097948190267,100.0,3.267591371736475,2.1299409143777415,10,21.299409143777414,False,wifi
2025-11-02T00:05:00,AP_5_104,5,104,20,20.0,-97.1083436101058,33.19549221221834,328.8262141727557,48.70173231711228,4.171532093830094,1.9089028203816967,10,19.089028203816966,False,wifi
2025-11-02T00:05:10,AP_5_104,5,104,20,20.0,-95.25772339474675,32.118563102010654,237.33382739989787,89.57414991996589,3.324039084461262,2.63438707434622,10,26.3438707434622,False,wifi
2025-11-02T00:05:20,AP_5_104,5,104,20,20.0,-94.48807163550417,30.44597508491149,269.1833436621475,82.10274686875117,3.5818141616500094,2.7396629565051893,10,27.396629565051896,False,wifi
2025-11-02T00:05:30,AP_5_104,5,104,20,20.0,-97.44823903239394,33.90715832781523,254.0736636081132,66.86401657632688,3.47588002246284,2.1136367581870656,10,21.13636758187066,False,wifi
2025-11-02T00:05:40,AP_5_104,5,104,20,20.0,-96.48465281734096,33.06301527694847,253.04468728222113,79.95036050695964,3.4725559400627737,2.257903087884104,10,22.579030878841042,False,wifi
2025-11-02T00:05:50,AP_5_104,5,104,20,20.0,-96.32312349031066,32.29616212492288,240.55818626945296,95.02329854355781,3.385241657289696,2.6133595617207197,10,26.133595617207195,False,wifi
2025-11-02T00:06:00,AP_5_104,5,104,20,20.0,-96.90393571042252,33.12779555762441,285.0371302575976,75.03690853572182,3.7860390764312073,2.479965425137842,10,24.799654251378417,False,wifi
2025-11-02T00:06:10,AP_5_104,5,104,20,20.0,-95.71730126373923,32.39686971151312,250.09688768999527,92.18696735711131,3.4348082174592465,2.7380813436303084,10,27.380813436303086,False,wifi
2025-11-02T00:06:20,AP_5_104,5,104,20,20.0,-95.33638442500437,32.04681378581643,261.1088843004057,84.36938796886878,3.5288354913137185,2.731870101979911,10,27.318701019799107,False,wifi
2025-11-02T00:06:30,AP_5_104,5,104,20,20.0,-93.79659684936489,30.4080491483265,294.63285601087256,79.4353007111777,3.7834794318172107,2.203502165861995,10,22.035021658619954,False,wifi
2025-11-02T00:06:40,AP_5_104,5,104,20,20.0,-95.27996129068116,32.62617244796803,302.50913037753133,51.631612159533184,3.9248357205321804,2.0937237266769397,10,20.937237266769397,False,wifi
2025-11-02T00:06:50,AP_5_104,5,104,20,20.0,-94.06716540727341,31.601226962965825,223.61171883448742,100.0,3.199457306029122,1.884782852151178,10,18.84782852151178,False,wifi
2025-11-02T00:07:00,AP_5_104,5,104,20,20.0,-96.01062352165194,32.09494900790106,287.0361141040295,79.9472132037315,3.7829387364710123,2.237550544907516,10,22.375505449075163,False,wifi
2025-11-02T00:07:10,AP_5_104,5,104,20,20.0,-94.98508393674597,31.829457100989742,250.3953142722417,98.2849405333507,3.4669806008330064,1.8871559469650272,10,18.871559469650272,False,wifi
2025-11-02T00:07:20,AP_5_104,5,104,20,20.0,-95.29331187604545,32.68246580615406,246.58413641915018,99.07586909589072,3.419826139414249,2.671774445246652,10,26.71774445246652,False,wifi
2025-11-02T00:07:30,AP_5_104,5,104,20,20.0,-93.72192330390828,30.890713411703626,302.1820634554428,83.02926482297153,3.8812705168870734,2.2755626745033948,10,22.755626745033947,False,wifi
2025-11-02T00:07:40,AP_5_104,5,104,20,20.0,-95.59825193690307,32.4896549197628,232.33899024070652,86.54267588251848,3.3244656822933942,2.2802706561386743,10,22.802706561386742,False,wifi
2025-11-02T00:07:50,AP_5_104,5,104,20,20.0,-94.6524385552088,31.813363724314236,312.8490412900268,73.12030475457878,3.9963096345605864,2.336361679682239,10,23.363616796822388,False,wifi
2025-11-02T00:08:00,AP_5_104,5,104,20,20.0,-97.91663082208055,34.504825407686624,325.8960773125329,54.87513357034153,4.160989205781049,2.745466543219115,10,27.45466543219115,False,wifi
2025-11-02T00:08:10,AP_5_104,5,104,20,20.0,-97.68296032812275,34.04407581910088,273.13151336145216,64.23101712209726,3.643450291515257,2.0515719540732924,10,20.515719540732924,False,wifi
2025-11-02T00:08:20,AP_5_104,5,104,20,20.0,-95.14894191978625,32.494166891708936,316.15238335264314,46.16667584660683,4.030881898143217,2.720084014112644,10,27.200840141126438,False,wifi
2025-11-02T00:08:30,AP_5_104,5,104,20,20.0,-94.42582325199207,32.41937433057408,233.54028439675795,89.69573538762735,3.3043181560479,2.735523457285535,10,27.35523457285535,False,wifi
2025-11-02T00:08:40,AP_5_104,5,104,20,20.0,-97.40320533302136,33.76917171499914,338.46458930041086,32.311307262674525,4.207181114494531,2.2244427606722783,10,22.244427606722784,False,wifi
2025-11-02T00:08:50,AP_5_104,5,104,20,20.0,-94.49849109228087,31.86144073519217,306.20314926187285,83.38450092422183,3.935049577100751,2.3877022733698765,10,23.877022733698766,False,wifi
2025-11-02T00:09:00,AP_5_104,5,104,20,20.0,-95.27265226400355,32.767585014432846,325.60994710855067,55.61628521579466,4.081787934796839,2.6789117294668126,10,26.789117294668124,False,wifi
2025-11-02T00:09:10,AP_5_104,5,104,20,20.0,-95.17175415123214,32.31910033259047,271.5099872279161,85.05957881111534,3.6274125728844004,1.962040385090765,10,19.62040385090765,False,wifi
2025-11-02T00:09:20,AP_5_104,5,104,20,20.0,-94.4629991285201,31.675289284102377,216.32650914774973,100.0,3.1624009793888246,2.2065153398260313,10,22.06515339826031,False,wifi
2025-11-02T00:09:30,AP_5_104,5,104,20,20.0,-96.60111585526472,33.74904497310638,279.48368309864577,67.39140179357246,3.690689892354773,2.1322340124597887,10,21.32234012459789,False,wifi
2025-11-02T00:09:40,AP_5_104,5,104,20,20.0,-95.3111782979579,33.07425669287704,249.23865105528216,90.34003212537397,3.456312429028207,2.704163002260062,10,27.041630022600614,False,wifi
2025-11-02T00:09:50,AP_5_104,5,104,20,20.0,-95.19846465482011,32.46366922587587,241.16323407349063,99.95249366313813,3.390817693756548,2.533882122735856,10,25.33882122735856,False,wifi
2025-11-02T00:10:00,AP_5_104,5,104,20,20.0,-97.95769450598635,34.42291116172193,287.6024690697869,67.66638269413362,3.7900529041250053,2.077148802073626,10,20.77148802073626,False,wifi
2025-11-02T00:10:10,AP_5_104,5,104,20,20.0,-93.69846010626082,31.699019818200924,273.2252993448292,85.0571164881552,3.5971021852928344,2.2728009083615004,10,22.728009083615003,False,wifi
2025-11-02T00:10:20,AP_5_104,5,104,20,20.0,-94.31810058052055,31.88958055171951,285.9718406295218,70.58426866152084,3.711554862112073,2.741819223122258,10,27.418192231222584,False,wifi
2025-11-02T00:10:30,AP_5_104,5,104,20,20.0,-94.49973767852991,31.910443091342803,228.7107825319146,100.0,3.27667928360598,2.680921006547308,10,26.80921006547308,False,wifi
2025-11-02T00:10:40,AP_5_104,5,104,20,20.0,-96.63828457884533,33.361013173846096,275.09117058668005,80.23248716559007,3.6980861222330907,2.2561163108823816,10,22.561163108823816,False,wifi
2025-11-02T00:10:50,AP_5_104,5,104,20,20.0,-95.65581375021735,32.357704550346945,224.26249360855962,100.0,3.2621930016600458,2.0229717249176473,10,20.229717249176474,False,wifi
2025-11-02T00:11:00,AP_5_104,5,104,20,20.0,-94.45238973259423,31.758462104045257,292.46698515219794,85.82360103709053,3.833765682502812,2.328362819200363,10,23.28362819200363,False,wifi
2025-11-02T00:11:10,AP_5_104,5,104,20,20.0,-95.82113403272562,32.318842552121495,294.5945032914735,78.71309903963457,3.8250928614679296,2.327815313809678,10,23.27815313809678,False,wifi
2025-11-02T00:11:20,AP_5_104,5,104,20,20.0,-96.46603485670543,33.95884779566503,326.7870850639095,60.04965348360634,4.105274711868952,2.2151809183909132,10,22.151809183909133,False,wifi
2025-11-02T00:11:30,AP_5_104,5,104,20,20.0,-97.54528209240598,34.426342015910635,313.10364748197424,63.01049977069723,4.054153963664228,2.4992881075043445,10,24.992881075043442,False,wifi
2025-11-02T00:11:40,AP_5_104,5,104,20,20.0,-94.52849965914484,31.42350923513277,239.75394350170728,100.0,3.3534902649771836,2.3706718992281988,10,23.70671899228199,False,wifi
2025-11-02T00:11:50,AP_5_104,5,104,20,20.0,-94.44320074145823,32.05603213994148,221.716506554889,100.0,3.195593588301993,2.0689129177578907,10,20.68912917757891,False,wifi
2025-11-02T00:12:00,AP_5_104,5,104,20,20.0,-95.78039223244312,32.98745080877725,306.62250446600217,70.49526733332833,3.958019777324952,2.109479093537912,10,21.09479093537912,False,wifi
2025-11-02T00:12:10,AP_5_104,5,104,20,20.0,-96.44306168047653,33.51542590931628,309.97253650355634,70.37628828341981,4.013363268047732,2.0363875964585487,10,20.36387596458549,False,wifi
2025-11-02T00:12:20,AP_5_104,5,104,20,20.0,-94.69772465953945,32.24998153182047,244.40455063391363,100.0,3.4102145197493847,2.161223961284187,10,21.612239612841872,False,wifi
2025-11-02T00:12:30,AP_5_104,5,104,20,20.0,-96.26207149521481,33.394161558125845,283.3694391369241,81.63150790938919,3.7072038513637056,2.212163543366239,10,22.12163543366239,False,wifi
2025-11-02T00:12:40,AP_5_104,5,104,20,20.0,-96.5870790640795,33.484984869925974,232.45244021854282,95.88071117910022,3.299910929178246,2.186247488596242,10,21.862474885962417,False,wifi
2025-11-02T00:12:50,AP_5_104,5,104,20,20.0,-95.57441977926231,32.57283556772058,309.9943902909088,54.53821569956033,3.943269054886611,2.7497758307695253,10,27.497758307695253,False,wifi
2025-11-02T00:13:00,AP_5_104,5,104,20,20.0,-97.65482690283639,34.30808699744724,281.26422992749804,63.88407080449054,3.6937592780151904,1.9650071227612842,10,19.65007122761284,False,wifi
2025-11-02T00:13:10,AP_5_104,5,104,20,20.0,-95.97847046046947,32.735647166724014,285.38225498893655,68.2569671254853,3.702705869490805,2.148037923511653,10,21.48037923511653,False,wifi
2025-11-02T00:13:20,AP_5_104,5,104,20,20.0,-94.54156067515667,32.08073591307751,274.2779373572585,68.22964552099353,3.5983654789736903,2.497659944271738,10,24.976599442717383,False,wifi
2025-11-02T00:13:30,AP_5_104,5,104,20,20.0,-95.47325947965061,32.259983246435866,227.1426341563527,100.0,3.2538751854769123,2.633381975231058,10,26.333819752310582,False,wifi
2025-11-02T00:13:40,AP_5_104,5,104,20,20.0,-94.76611842681793,31.9701862534401,279.2772244367817,86.21862905738735,3.703631022850805,2.3193717455367633,10,23.193717455367633,False,wifi
2025-11-02T00:13:50,AP_5_104,5,104,20,20.0,-96.32588976349125,33.465174722117055,228.34364400754356,95.70769418833122,3.2732418859130723,2.477560225740526,10,24.775602257405257,False,wifi
2025-11-02T00:14:00,AP_5_104,5,104,20,20.0,-95.64288047844028,32.55941471403626,296.46395512316974,71.94543504640419,3.8604062397188885,1.974224011222641,10,19.742240112226412,False,wifi
2025-11-02T00:14:10,AP_5_104,5,104,20,20.0,-95.02026852120859,32.252874366081,247.28170616723042,93.43132936283646,3.4085366289743355,2.1812292496066723,10,21.812292496066725,False,wifi
2025-11-02T00:14:20,AP_5_104,5,104,20,20.0,-95.810179010787,32.54387125419796,220.45128279082647,100.0,3.177365717917693,2.363920851822881,10,23.63920851822881,False,wifi
2025-11-02T00:14:30,AP_5_104,5,104,20,20.0,-96.37882139249969,33.03626108924561,320.148219657604,36.84174223638114,4.039819272568114,2.407589011161108,10,24.075890111611077,False,wifi
2025-11-02T00:14:40,AP_5_104,5,104,20,20.0,-95.22185971371164,31.901664463766327,251.74696347412004,93.70319258044714,3.4676991252813507,2.167044522936314,10,21.67044522936314,False,wifi
2025-11-02T00:14:50,AP_5_104,5,104,20,20.0,-96.08761907402226,32.120658979529615,278.0550178494344,77.22483139943368,3.658652967128327,2.0456452965991687,10,20.456452965991687,False,wifi
2025-11-02T00:15:00,AP_5_104,5,104,20,20.0,-95.4720916520062,32.18412230892757,262.7601299681718,85.98318586295295,3.539632737218613,1.9077879991800546,10,19.077879991800543,False,wifi
2025-11-02T00:15:10,AP_5_104,5,104,20,20.0,-96.07289321528634,32.0504714534792,292.0254733269257,76.55872348458122,3.7369129435230932,2.2030046925453117,10,22.030046925453117,False,wifi
2025-11-02T00:15:20,AP_5_104,5,104,20,20.0,-96.04767077858216,32.446328518541605,227.98823641725866,97.92662858762264,3.270361127550511,2.6362853449437007,10,26.362853449437008,False,wifi
2025-11-02T00:15:30,AP_5_104,5,104,20,20.0,-95.12464106079017,31.10663644223946,232.54062493114301,97.45295101523494,3.279083184488374,2.7222361724744615,10,27.222361724744616,False,wifi
2025-11-02T00:15:40,AP_5_104,5,104,20,20.0,-96.77030403092095,33.30084299128803,303.23621624672757,66.09711651147614,3.8801957157047924,2.632709973140946,10,26.327099731409458,False,wifi
2025-11-02T00:15:50,AP_5_104,5,104,20,20.0,-94.09915870763345,31.283786066905087,229.71047715904803,100.0,3.2439624739347215,2.1018265569103822,10,21.01826556910382,False,wifi
2025-11-02T00:16:00,AP_5_104,5,104,20,20.0,-98.40169037495279,33.7959057185014,308.0377203809544,54.3885971175542,3.901357957339014,2.297032897506549,10,22.970328975065488,False,wifi
2025-11-02T00:16:10,AP_5_104,5,104,20,20.0,-97.50007059613614,32.74211838007303,292.6621746174951,61.11627582206845,3.744128381767689,2.0147525265431647,10,20.14752526543165,False,wifi
2025-11-02T00:16:20,AP_5_104,5,104,20,20.0,-96.27330017123911,31.565096892058573,291.03244878141476,71.2302939335078,3.7135595111532687,2.7471291867213177,10,27.471291867213175,False,wifi
2025-11-02T00:16:30,AP_5_104,5,104,20,20.0,-94.69922516528787,31.113362929090062,281.18467945203764,80.86714012011407,3.6649404584746534,2.0462411327232317,10,20.462411327232317,False,wifi
2025-11-02T00:16:40,AP_5_104,5,104,20,20.0,-99.69373972952128,35.01097508892752,245.41430489386843,53.03172446193846,3.352379232249376,2.139808040939705,10,21.39808040939705,False,wifi
2025-11-02T00:16:50,AP_5_104,5,104,20,20.0,-98.60785737402833,33.99594760842868,291.752899372246,46.45570320061607,3.7859878586577693,2.4195683247656694,10,24.195683247656692,False,wifi
2025-11-02T00:17:00,AP_5_104,5,104,20,20.0,-96.5269156542603,32.80834956727547,294.2352788958923,50.235723333386346,3.7790779710746585,2.2488556982414956,10,22.488556982414956,False,wifi
2025-11-02T00:17:10,AP_5_104,5,104,20,20.0,-95.30207424289219,31.807972427372555,278.4325219228963,60.04214706567364,3.663934624457218,2.3180973540330694,10,23.180973540330694,False,wifi
2025-11-02T00:17:20,AP_5_104,5,104,20,20.0,-95.4380957498577,31.775361697377498,291.0569187685116,62.79832536198864,3.776110243790002,2.124857028381574,10,21.24857028381574,False,wifi
2025-11-02T00:17:30,AP_5_104,5,104,20,20.0,-97.3529544044888,33.82887558234274,264.2784576836967,77.94023272887391,3.521420027627763,2.384066060773586,10,23.84066060773586,False,wifi
2025-11-02T00:17:40,AP_5_104,5,104,20,20.0,-96.40796749717835,32.763940384213456,276.358817610958,69.49177960819473,3.63241374933301,2.2082286963044457,10,22.082286963044456,False,wifi
2025-11-02T00:17:50,AP_5_104,5,104,20,20.0,-98.38941562025447,34.61378136963663,292.9912953724568,40.7731349172706,3.8253685094818346,1.931437648287028,10,19.31437648287028,False,wifi
2025-11-02T00:18:00,AP_5_104,5,104,20,20.0,-96.92986119619869,33.24993836624459,271.75531409639365,66.17511516895145,3.600729214876485,2.175680958568929,10,21.75680958568929,False,wifi
2025-11-02T00:18:10,AP_5_104,5,104,20,20.0,-95.63725176896203,32.31744896325235,265.88961739874077,83.00929196748882,3.5768130399992115,2.5259664628400427,10,25.259664628400426,False,wifi
2025-11-02T00:18:20,AP_5_104,5,104,20,20.0,-96.44218030999556,33.02678436373031,323.03796231443755,66.29648430799703,4.078649527362642,1.8866506822364095,10,18.866506822364094,False,wifi
2025-11-02T00:18:30,AP_5_104,5,104,20,20.0,-95.93551834961397,31.858615514606402,235.71749638425717,95.99311560707399,3.2987795899366184,2.5219564374615557,10,25.219564374615555,False,wifi
2025-11-02T00:18:40,AP_5_104,5,104,20,20.0,-98.91653592745534,34.885119925557426,308.324852824946,50.777837934518224,3.947097828877542,1.9661255252297094,10,19.661255252297096,False,wifi
2025-11-02T00:18:50,AP_5_104,5,104,20,20.0,-93.60607327685038,29.907877312852314,198.1587834570228,100.0,2.9658953386705824,2.1547725163666045,10,21.547725163666044,False,wifi
2025-11-02T00:19:00,AP_5_104,5,104,20,20.0,-97.92504721624903,33.940891481741346,262.9536235407651,73.7100953207671,3.542053493918977,2.477532280206003,10,24.77532280206003,False,wifi
2025-11-02T00:19:10,AP_5_104,5,104,20,20.0,-97.39933377306373,33.586848224473755,303.4756440374264,64.31743355294758,3.913135830114714,2.1054889621453445,10,21.054889621453444,False,wifi
2025-11-02T00:19:20,AP_5_104,5,104,20,20.0,-95.11452633427085,30.845253774864858,218.3655381675997,100.0,3.1568069133265193,1.9506573482358012,10,19.50657348235801,False,wifi
2025-11-02T00:19:30,AP_5_104,5,104,20,20.0,-95.46069455106084,31.54553074261878,255.70431349269074,91.92048499497581,3.453576780050862,2.6964739721864444,10,26.964739721864444,False,wifi
2025-11-02T00:19:40,AP_5_104,5,104,20,20.0,-96.77237967803556,32.64539986480863,260.5198209980159,80.43244751790044,3.531794913678307,2.398570635063198,10,23.98570635063198,False,wifi
2025-11-02T00:19:50,AP_5_104,5,104,20,20.0,-95.79218506185656,31.469680683484825,228.11134109316131,97.09401255362262,3.2629839834893084,2.014182507001015,10,20.14182507001015,False,wifi
2025-11-02T00:20:00,AP_5_104,5,104,20,20.0,-96.76421690265559,32.63966083333935,236.84890287153684,91.94082044388107,3.325253252388458,2.387775222994156,10,23.87775222994156,False,wifi
2025-11-02T00:20:10,AP_5_104,5,104,20,20.0,-95.2620592266551,31.073394007456773,229.63662696085726,100.0,3.2183934931431857,2.2114052525008363,10,22.11405252500836,False,wifi
2025-11-02T00:20:20,AP_5_104,5,104,20,20.0,-95.25502097588364,31.158526149934993,228.5955682563871,97.61908754266278,3.2505507918591667,1.9728142411861547,10,19.728142411861548,False,wifi
2025-11-02T00:20:30,AP_5_104,5,104,20,20.0,-94.86783449737133,31.598210280374435,226.81852629362896,100.0,3.2618745442807424,2.2060971270239604,10,22.060971270239605,False,wifi
2025-11-02T00:20:40,AP_5_104,5,104,20,20.0,-94.93499247313517,31.27080228876749,248.05092558487658,80.36148449495231,3.3949728040093645,2.689551077791117,10,26.89551077791117,False,wifi
2025-11-02T00:20:50,AP_5_104,5,104,20,20.0,-93.71861278888355,30.666025854186852,279.57468516317607,88.70564836507039,3.671823574368969,2.0030498151749754,10,20.030498151749754,False,wifi
2025-11-02T00:21:00,AP_5_104,5,104,20,20.0,-95.06020082610965,31.231849837222093,272.1443638863287,71.07925350622355,3.5946925548482547,2.0475678801546344,10,20.475678801546344,False,wifi
2025-11-02T00:21:10,AP_5_104,5,104,20,20.0,-95.46509765349927,31.649459766784844,295.46058712058266,80.51564870853304,3.7759972896617064,2.3098658006637884,10,23.098658006637883,False,wifi
2025-11-02T00:21:20,AP_5_104,5,104,20,20.0,-96.3760092695035,33.011317372207984,276.66226782129394,83.40518893710771,3.655706286806629,2.3273868593467513,10,23.273868593467512,False,wifi
2025-11-02T00:21:30,AP_5_104,5,104,20,20.0,-95.35688993941099,31.44997874460946,242.58778458502002,95.92969321545324,3.3444189701283458,1.9593154303056988,10,19.593154303056988,False,wifi
2025-11-02T00:21:40,AP_5_104,5,104,20,20.0,-96.55377076517485,32.804957864899464,280.546072645531,78.35324744785572,3.673755117042332,2.425257349763669,10,24.25257349763669,False,wifi
2025-11-02T00:21:50,AP_5_104,5,104,20,20.0,-96.77416768908452,32.60156997951668,280.4457712032959,74.7225599804255,3.7322277607601038,2.4261646740033664,10,24.261646740033665,False,wifi
2025-11-02T00:22:00,AP_5_104,5,104,20,20.0,-96.29710615992325,32.249262024027715,272.312133805799,79.0432070927223,3.5980543350743885,2.2222892420998854,10,22.222892420998853,False,wifi
2025-11-02T00:22:10,AP_5_104,5,104,20,20.0,-94.82302222394824,30.73474532133421,291.906195801028,79.28098822235796,3.7386390301669508,2.557505700540534,10,25.575057005405338,False,wifi
2025-11-02T00:22:20,AP_5_104,5,104,20,20.0,-97.39585986379326,33.49593580039968,256.9806466556329,79.00594548032208,3.50386852800408,2.4175676047408503,10,24.175676047408505,False,wifi
2025-11-02T00:22:30,AP_5_104,5,104,20,20.0,-95.4951307076919,32.06117551399383,289.613208175534,79.36650237754662,3.7442743532468183,4.180207624536335,10,41.80207624536335,True,FHSS
2025-11-02T00:22:40,AP_5_104,5,104,20,20.0,-95.58095874143227,31.71167018703928,241.41876082156173,95.55931111354371,3.3329294851384836,4.61836607405948,10,46.1836607405948,True,Microwave
2025-11-02T00:22:50,AP_5_104,5,104,20,20.0,-92.523616035869,29.40776481355993,242.03773517925075,100.0,3.314836555564812,2.483481673274847,10,24.834816732748468,True,ZigBee
2025-11-02T00:23:00,AP_5_104,5,104,20,20.0,-96.08223452875053,31.753534920275918,231.87574706901415,94.52447828112345,3.265451809413039,4.385890732177501,10,43.85890732177501,True,BLE
2025-11-02T00:23:10,AP_5_104,5,104,20,20.0,-96.19613634611008,32.48784656431007,303.6904457943029,68.70935472026017,3.941452400902483,2.333707004122184,10,23.33707004122184,False,wifi
2025-11-02T00:23:20,AP_5_104,5,104,20,20.0,-97.46763557933697,32.94625651676478,253.8091862256776,80.66253446338537,3.4374333264437764,2.9134840088172247,10,29.134840088172247,True,FHSS
2025-11-02T00:23:30,AP_5_104,5,104,20,20.0,-97.62998890671018,33.36260932635243,253.38963169968542,79.79910159188117,3.478879127054809,3.6274598204686397,10,36.2745982046864,True,Microwave
2025-11-02T00:23:40,AP_5_104,5,104,20,20.0,-95.60219437610071,31.11931313657551,248.6025842089076,86.46031586866732,3.392643889514962,2.589762983663754,10,25.897629836637538,True,ZigBee
2025-11-02T00:23:50,AP_5_104,5,104,20,20.0,-93.43343297550626,29.791467414873825,250.94312595729076,95.57473611298407,3.4447170751716185,3.809585396607468,10,38.09585396607468,True,BLE
2025-11-02T00:24:00,AP_5_104,5,104,20,20.0,-97.11484567352254,33.093697513639476,244.33561275851312,86.13657069177177,3.388888500323025,2.713738594483275,10,27.137385944832747,False,wifi
2025-11-02T00:24:10,AP_5_104,5,104,20,20.0,-95.58397493574324,31.31301593964904,241.50378025567596,95.8748720932897,3.3508072788828462,4.299919260865039,10,42.99919260865039,True,FHSS
2025-11-02T00:24:20,AP_5_104,5,104,20,20.0,-97.7618678941231,33.51548264083148,300.0864860756823,63.43877810432048,3.8729705311727756,3.441531370429607,10,34.41531370429607,True,Microwave
2025-11-02T00:24:30,AP_5_104,5,104,20,20.0,-95.91354906256153,31.244881445046012,263.536338047963,81.72012389194002,3.526982468289481,3.3416117997334074,10,33.41611799733407,True,ZigBee
2025-11-02T00:24:40,AP_5_104,5,104,20,20.0,-95.4430234079609,31.610712297809915,286.2677111086841,80.89236810474786,3.686291960618724,3.456864098452942,10,34.56864098452942,True,BLE
2025-11-02T00:24:50,AP_5_104,5,104,20,20.0,-97.47011896189251,32.866940143992466,267.2547996510544,70.93342599839127,3.6200975556445387,2.183523337334051,10,21.83523337334051,False,wifi
2025-11-02T00:25:00,AP_5_104,5,104,20,20.0,-97.62091270446886,32.89020756328698,308.4589224631581,53.442174174235625,3.9892504482799525,2.4621790537748254,10,24.621790537748254,True,FHSS
2025-11-02T00:25:10,AP_5_104,5,104,20,20.0,-97.72978861074286,33.030522309629575,267.4271872896287,69.82732970650007,3.611257632347539,4.022488613197561,10,40.22488613197561,True,Microwave
2025-11-02T00:25:20,AP_5_104,5,104,20,20.0,-95.24929401879623,31.773087465294207,238.3240035603425,98.30275230355467,3.3126680442985452,2.074706101145275,10,20.747061011452754,True,ZigBee
2025-11-02T00:25:30,AP_5_104,5,104,20,20.0,-92.2159257658689,28.889973742033895,205.56579295788546,100.0,3.017211308042671,4.274852110929228,10,42.74852110929228,True,BLE
2025-11-02T00:25:40,AP_5_104,5,104,20,20.0,-95.21162718147619,31.511597317871935,276.2709215637744,85.30405398000802,3.685129677041104,2.0001786862543645,10,20.001786862543643,False,wifi
2025-11-02T00:25:50,AP_5_104,5,104,20,20.0,-96.03445613876745,31.614178712630956,230.1375888374624,96.41468504589625,3.2614789884081055,2.497844032868561,10,24.978440328685608,True,FHSS
2025-11-02T00:26:00,AP_5_104,5,104,20,20.0,-95.70142827674887,31.328757992390685,217.5687442462294,100.0,3.1501806053005015,2.5439081857356194,10,25.439081857356193,True,Microwave
2025-11-02T00:26:10,AP_5_104,5,104,20,20.0,-97.25977308219792,33.155727350512194,290.0924777310491,68.23980642466242,3.7817390979447616,3.526923501722571,10,35.26923501722571,True,ZigBee
2025-11-02T00:26:20,AP_5_104,5,104,20,20.0,-96.90790874588696,32.6452063082464,318.5535963069094,64.41914706091804,3.9380676508634096,2.0578303278390764,10,20.578303278390763,True,BLE
2025-11-02T00:26:30,AP_5_104,5,104,20,20.0,-94.47892545896121,30.60836545471842,251.25585518921042,93.50957233019234,3.4622224803034825,2.309584278158985,10,23.095842781589848,False,wifi
2025-11-02T00:26:40,AP_5_104,5,104,20,20.0,-95.38553832763384,31.045300514280324,281.38907705808776,84.70920110898618,3.6599796419845285,5.430163663620519,10,54.30163663620519,True,FHSS
2025-11-02T00:26:50,AP_5_104,5,104,20,20.0,-94.33205945995486,30.456146803286543,276.96918944833845,88.0853737795914,3.7146271073969905,2.2302973077853285,10,22.302973077853284,True,Microwave
2025-11-02T00:27:00,AP_5_104,5,104,20,20.0,-97.24586369659038,32.51989373454378,309.16731853812644,64.56925176368613,3.9014630056932313,3.5084571406235545,10,35.08457140623554,True,ZigBee
2025-11-02T00:27:10,AP_5_104,5,104,20,20.0,-96.67399812849686,33.00952946401189,270.758345086176,80.02779698533959,3.6266528393257538,2.1685305198711666,10,21.685305198711667,True,BLE
2025-11-02T00:27:20,AP_5_104,5,104,20,20.0,-95.42772151589276,31.12233319639522,210.21594437882672,100.0,3.1095485630773037,2.3714642276969378,10,23.71464227696938,False,wifi
2025-11-02T00:27:30,AP_5_104,5,104,20,20.0,-95.6036866113637,31.598678341611503,268.6440959999,84.79516443642287,3.589096976149411,3.0119051525311726,10,30.119051525311725,True,FHSS
2025-11-02T00:27:40,AP_5_104,5,104,20,20.0,-97.0495971937458,32.61858617503492,292.34599070460104,66.70917985242411,3.8096188279172933,2.6202381126273373,10,26.202381126273373,True,Microwave
2025-11-02T00:27:50,AP_5_104,5,104,20,20.0,-94.78644342359256,30.692375434953227,291.6393425799273,80.94754221325593,3.793576805607304,6.0934280214609,10,60.934280214609004,True,ZigBee
2025-11-02T00:28:00,AP_5_104,5,104,20,20.0,-96.08125657902667,31.933352427464456,240.2324746193458,98.24972714849872,3.313014604303072,2.169935398204951,10,21.69935398204951,True,BLE
2025-11-02T00:28:10,AP_5_104,5,104,20,20.0,-95.33564979117268,31.93277472492482,246.99901243113854,98.8701976809479,3.396549295258506,2.3829895976825273,10,23.82989597682527,False,wifi
2025-11-02T00:28:20,AP_5_104,5,104,20,20.0,-93.6717049223996,30.44169986425701,235.56714005061184,100.0,3.277365998654644,2.5771344968806456,10,25.771344968806453,True,FHSS
2025-11-02T00:28:30,AP_5_104,5,104,20,20.0,-96.67462258786075,33.03181639248088,312.2654363060722,66.0207570280062,4.021114119970022,2.285380593632301,10,22.85380593632301,True,Microwave
2025-11-02T00:28:40,AP_5_104,5,104,20,20.0,-95.46372259339681,31.58866812964227,262.0538394094989,91.34617378747056,3.467327969141104,4.056053473971789,10,40.56053473971789,True,ZigBee
2025-11-02T00:28:50,AP_5_104,5,104,20,20.0,-97.13130974235608,32.57786752900561,275.5441953856071,74.18297696056315,3.6403145769037843,2.3987555800377063,10,23.987555800377063,True,BLE
2025-11-02T00:29:00,AP_5_104,5,104,20,20.0,-96.36305620827632,32.046556914765446,257.62943657941184,87.60872580397495,3.4731722192216123,2.693276433644051,10,26.932764336440506,False,wifi
2025-11-02T00:29:10,AP_5_104,5,104,20,20.0,-94.36077921865406,30.67425333936705,281.6566686752652,89.96349587054166,3.6676129024799016,2.934639169007755,10,29.34639169007755,True,FHSS
2025-11-02T00:29:20,AP_5_104,5,104,20,20.0,-96.10034111109599,32.730442939466755,331.33124551961185,67.38879391766065,4.179248672442108,3.955244324030462,10,39.55244324030462,True,Microwave
2025-11-02T00:29:30,AP_5_104,5,104,20,20.0,-94.25853099675072,31.107385928579294,278.3610134703548,93.48149261804836,3.707190867146205,2.5127130797161,10,25.127130797161,True,ZigBee
2025-11-02T00:29:40,AP_5_104,5,104,20,20.0,-95.78221533995963,32.487336807272904,243.88309038015456,96.62890435481559,3.4354554890418987,2.240826634790997,10,22.40826634790997,True,BLE
2025-11-02T00:29:50,AP_5_104,5,104,20,20.0,-94.97900670555025,31.336405414952765,243.06075257348584,98.9814224232058,3.379628208519864,2.4763557952151167,10,24.763557952151167,False,wifi
2025-11-02T00:30:00,AP_5_104,5,104,20,20.0,-94.28471297563425,30.725187831850285,225.22293510461708,100.0,3.2055521455316422,3.27531588374375,10,32.7531588374375,True,FHSS
2025-11-02T00:30:10,AP_5_104,5,104,20,20.0,-94.28568446579095,30.687918934231426,263.8741439176813,91.39257845799115,3.5645699011321326,2.5207123883201934,10,25.20712388320193,True,Microwave
2025-11-02T00:30:20,AP_5_104,5,104,20,20.0,-95.11764585477425,31.102523770630206,221.34593862001466,100.0,3.1580386104165123,2.480897511626328,10,24.808975116263284,True,ZigBee
2025-11-02T00:30:30,AP_5_104,5,104,20,20.0,-95.62256976323754,32.16231414419424,229.61807135691657,100.0,3.270113036409717,2.382779101265977,10,23.827791012659773,True,BLE
2025-11-02T00:30:40,AP_5_104,5,104,20,20.0,-94.70898904325672,31.63848523449721,224.22982174842159,100.0,3.165645387898073,2.0316609722957497,10,20.316609722957494,False,wifi
2025-11-02T00:30:50,AP_5_104,5,104,20,20.0,-97.60189934852441,33.7923793569059,263.73054759376726,80.22459460243796,3.5477246777573805,3.109400433054211,10,31.094004330542113,True,FHSS
2025-11-02T00:31:00,AP_5_104,5,104,20,20.0,-96.79104388541579,33.27178760690897,264.2706809211897,81.3037999798708,3.612805869607345,2.1039620669345473,10,21.039620669345474,True,Microwave
2025-11-02T00:31:10,AP_5_104,5,104,20,20.0,-98.5458896174334,34.690676011686904,323.2747214630668,50.584668744669194,4.110353582087241,3.5033253841179954,10,35.033253841179956,True,ZigBee
2025-11-02T00:31:20,AP_5_104,5,104,20,20.0,-96.83349269341046,32.53930379872378,298.0109342523941,72.25791111208054,3.9365420479257933,4.006838980867013,10,40.068389808670126,True,BLE
2025-11-02T00:31:30,AP_5_104,5,104,20,20.0,-97.02187336216092,33.525575786486854,281.3479367389404,77.69248324650438,3.687999491688923,1.9149988637617215,10,19.149988637617216,False,wifi
2025-11-02T00:31:40,AP_5_104,5,104,20,20.0,-93.86526420355133,30.341702314741344,277.92661468268795,90.78988881232176,3.649885159940768,2.6811343782439634,10,26.811343782439636,True,FHSS
2025-11-02T00:31:50,AP_5_104,5,104,20,20.0,-93.87881664349574,30.698469733073342,291.91719138165934,87.70395894720517,3.794931934215144,3.3516094397095237,10,33.51609439709524,True,Microwave
2025-11-02T00:32:00,AP_5_104,5,104,20,20.0,-96.46594527271571,32.63937570368326,311.0629609503841,73.684077802056,3.9690668006348986,2.129980452348744,10,21.29980452348744,True,ZigBee
2025-11-02T00:32:10,AP_5_104,5,104,20,20.0,-95.34420016167775,31.648424456313098,241.66132587906412,96.11238422918424,3.384045107629281,3.4514308138279173,10,34.51430813827917,True,BLE
2025-11-02T00:32:20,AP_5_104,5,104,20,20.0,-95.00782594326574,31.251001575350227,292.61227129217957,79.03988519479933,3.817336940242675,2.1624959953377085,10,21.624959953377086,False,wifi
2025-11-02T00:32:30,AP_5_104,5,104,20,20.0,-96.96368966746905,33.96239548501528,304.5170985848818,71.60399081662727,3.935854861847541,2.060593176718436,10,20.60593176718436,True,FHSS
2025-11-02T00:32:40,AP_5_104,5,104,20,20.0,-96.24081147009709,33.155628442906085,315.7908439764563,71.47336716138862,4.044700844961089,3.798757593409974,10,37.987575934099745,True,Microwave
2025-11-02T00:32:50,AP_5_104,5,104,20,20.0,-96.11979458230208,32.584563984843,261.20773598157905,86.8438099413705,3.541526080314541,3.821988000742105,10,38.219880007421054,True,ZigBee
2025-11-02T00:33:00,AP_5_104,5,104,20,20.0,-96.24581668273011,32.39766824760702,235.23243047759325,98.1665762629384,3.2904489768948104,2.424920421813539,10,24.24920421813539,True,BLE
2025-11-02T00:33:10,AP_5_104,5,104,20,20.0,-96.0768696146993,32.20032063643184,230.70054084750828,99.28346577240671,3.2892670914258026,2.387789722015317,10,23.877897220153173,False,wifi
2025-11-02T00:33:20,AP_5_104,5,104,20,20.0,-95.92193312887196,31.9617165632707,225.88990917511575,100.0,3.226240838990779,2.228100715039678,10,22.281007150396782,True,FHSS
2025-11-02T00:33:30,AP_5_104,5,104,20,20.0,-98.5075785294422,33.91850872012533,251.78687942202396,74.24022588999979,3.4840913196238845,1.9437729118759148,10,19.437729118759147,True,Microwave
2025-11-02T00:33:40,AP_5_104,5,104,20,20.0,-95.42367401119422,31.8498863307865,252.58335297330154,92.88464747313614,3.454897412374757,3.1390046706196233,10,31.390046706196234,True,ZigBee
2025-11-02T00:33:50,AP_5_104,5,104,20,20.0,-95.84601702846444,31.417747466245203,271.7279151774775,81.55440305460687,3.645035518887861,2.543899257415148,10,25.43899257415148,True,BLE
2025-11-02T00:34:00,AP_5_104,5,104,20,20.0,-95.35159744767256,31.22488092774426,301.81724010457134,74.20665910344628,3.908622021802981,2.402403444959028,10,24.02403444959028,False,wifi
2025-11-02T00:34:10,AP_5_104,5,104,20,20.0,-95.37990232385037,31.453939664948923,280.3800110369067,82.22012127957679,3.6830927205404103,3.420345028822457,10,34.203450288224566,True,FHSS
2025-11-02T00:34:20,AP_5_104,5,104,20,20.0,-96.26025681967702,32.09169831008485,254.93005178623466,84.22910692561922,3.499226110156934,4.670345787408408,10,46.70345787408408,True,Microwave
2025-11-02T00:34:30,AP_5_104,5,104,20,20.0,-96.00646688919629,31.347607444929544,235.45617868467843,93.50360635122522,3.326029817429487,1.9401507465056897,10,19.4015074650569,True,ZigBee
2025-11-02T00:34:40,AP_5_104,5,104,20,20.0,-95.85878126220051,31.850878513835205,264.67681178440705,84.57911032155191,3.5644883189301253,3.8537448428248884,10,38.53744842824888,True,BLE
2025-11-02T00:34:50,AP_5_104,5,104,20,20.0,-95.98106722011906,30.845590560222462,255.67393694162692,84.58082331353657,3.472094682061524,2.1237564580994537,10,21.237564580994537,False,wifi
2025-11-02T00:35:00,AP_5_104,5,104,20,20.0,-95.05715343729544,31.17523890693628,216.8118387858899,95.81436385930957,3.147736327004239,2.4093739046362574,10,24.093739046362575,True,FHSS
2025-11-02T00:35:10,AP_5_104,5,104,20,20.0,-95.69511351609344,30.580367502898458,278.7596159863385,79.96762701809698,3.6654061104687137,6.2631780932744725,10,62.63178093274473,True,Microwave
2025-11-02T00:35:20,AP_5_104,5,104,20,20.0,-95.75325668825651,30.950499008658994,258.3828023213701,86.20674736999031,3.485741592286047,3.558425494577281,10,35.584254945772805,True,ZigBee
2025-11-02T00:35:30,AP_5_104,5,104,20,20.0,-97.79323079792755,32.718851713593374,285.72172417924537,64.94527932231986,3.7529298528662247,4.079545536572204,10,40.79545536572204,True,BLE
2025-11-02T00:35:40,AP_5_104,5,104,20,20.0,-94.58526246094347,29.99795127028587,277.7177094015044,83.6528417696411,3.6002288275470407,2.1874443327152355,10,21.874443327152353,False,wifi
2025-11-02T00:35:50,AP_5_104,5,104,20,20.0,-96.9527371445241,31.7733429210682,261.8259638426732,77.53507759479419,3.538588214491292,3.316162247063689,10,33.161622470636885,True,FHSS
2025-11-02T00:36:00,AP_5_104,5,104,20,20.0,-94.84542281234138,30.543254641396494,214.12296279211256,100.0,3.121653833462104,4.564186522657204,10,45.641865226572044,True,Microwave
2025-11-02T00:36:10,AP_5_104,5,104,20,20.0,-96.76181333423555,32.24719140469493,266.6737974382245,76.59091251983858,3.5877991429475657,2.7330654377805415,10,27.330654377805413,True,ZigBee
2025-11-02T00:36:20,AP_5_104,5,104,20,20.0,-93.63931500364014,29.462890843803642,201.22674636201816,100.0,2.9425628671113824,1.9454702299246178,10,19.45470229924618,True,BLE
2025-11-02T00:36:30,AP_5_104,5,104,20,20.0,-97.50168703091884,32.63380812630147,246.4837232340917,80.17986914442919,3.371401309568147,2.6651639121651347,10,26.65163912165135,False,wifi
2025-11-02T00:36:40,AP_5_104,5,104,20,20.0,-95.91046570702717,31.4627018315882,245.93654923077298,93.9139700450483,3.3898723105712754,2.2783360653915445,10,22.783360653915448,True,FHSS
2025-11-02T00:36:50,AP_5_104,5,104,20,20.0,-93.3641554244979,29.193298788196408,229.53090384471867,100.0,3.2163531166742003,3.020791989569952,10,30.20791989569952,True,Microwave
2025-11-02T00:37:00,AP_5_104,5,104,20,20.0,-96.61066842787689,32.37264829054185,231.59328115734516,94.82400702991679,3.315073159204818,2.4378560445175808,10,24.378560445175808,True,ZigBee
2025-11-02T00:37:10,AP_5_104,5,104,20,20.0,-95.73086915720721,31.615923803118125,242.4746288602722,91.5463771672746,3.374462033857989,4.500148759919302,10,45.00148759919302,True,BLE
2025-11-02T00:37:20,AP_5_104,5,104,20,20.0,-97.4736587297458,33.106746605171296,255.27405836969265,66.8506560561392,3.496491007326262,2.4692902887895207,10,24.692902887895208,False,wifi
2025-11-02T00:37:30,AP_5_104,5,104,20,20.0,-95.0317298154433,30.680727914842812,262.168981264383,85.67301288814215,3.509482655917463,5.257191730997529,10,52.57191730997529,True,FHSS
2025-11-02T00:37:40,AP_5_104,5,104,20,20.0,-95.97318742858319,31.596907197688672,227.18609400430432,98.29173491674406,3.2649146757171694,4.820443542273941,10,48.20443542273941,True,Microwave
2025-11-02T00:37:50,AP_5_104,5,104,20,20.0,-97.14055565078976,32.74543477720768,259.3750301529189,79.93947584818969,3.566899719375294,4.0995685152497385,10,40.99568515249739,True,ZigBee
2025-11-02T00:38:00,AP_5_104,5,104,20,20.0,-95.681601885743,31.617115158826845,294.1635628168183,73.4859476803779,3.8699473696957525,2.644455774338186,10,26.444557743381857,True,BLE
2025-11-02T00:38:10,AP_5_104,5,104,20,20.0,-97.8378294664332,33.17282509933844,284.85119558360964,65.1530908277769,3.761941342878559,2.473034818777579,10,24.73034818777579,False,wifi
2025-11-02T00:38:20,AP_5_104,5,104,20,20.0,-97.78357648437569,32.743842991901445,333.80518111568244,50.03878657946428,4.115353680231713,2.7296456944966883,10,27.296456944966884,True,FHSS
2025-11-02T00:38:30,AP_5_104,5,104,20,20.0,-97.48377443272219,32.88795502156865,278.71867677532396,71.51863222846163,3.6761962329507254,3.2538335578644118,10,32.538335578644116,True,Microwave
2025-11-02T00:38:40,AP_5_104,5,104,20,20.0,-95.99328851245824,31.819567312568484,313.3699269126653,68.77373367725028,4.0082931758355445,3.2351714730010412,10,32.351714730010414,True,ZigBee
2025-11-02T00:38:50,AP_5_104,5,104,20,20.0,-95.0845804457824,31.012426331290293,234.24660431608268,100.0,3.2852894250387257,6.011949112298765,10,60.119491122987654,True,BLE
2025-11-02T00:39:00,AP_5_104,5,104,20,20.0,-96.43940874578765,32.224927754982524,232.5628073565994,93.21659897721517,3.29510379981443,2.3740778228887582,10,23.74077822888758,False,wifi
2025-11-02T00:39:10,AP_5_104,5,104,20,20.0,-95.82611152515142,31.59139749873815,271.75936617659477,86.08119127044861,3.622574752245832,2.254762765627101,10,22.547627656271015,True,FHSS
2025-11-02T00:39:20,AP_5_104,5,104,20,20.0,-97.97781823246679,33.49944409087006,225.41356631014105,85.00046606134049,3.2696112250439042,5.330288955425072,10,53.30288955425072,True,Microwave
2025-11-02T00:39:30,AP_5_104,5,104,20,20.0,-93.65534069505566,29.65134922060522,246.32000573332047,99.35591513576614,3.372337592306798,3.2462131019876077,10,32.462131019876075,True,ZigBee
2025-11-02T00:39:40,AP_5_104,5,104,20,20.0,-97.30095068749816,32.88784985543851,266.9944223395395,75.44755875326305,3.59842130235986,2.6340123426119386,10,26.340123426119387,True,BLE
2025-11-02T00:39:50,AP_5_104,5,104,20,20.0,-96.16265211658624,30.929913418808514,239.32377715567017,87.93194234765603,3.334531112587714,2.2485661289624965,10,22.485661289624964,False,wifi
2025-11-02T00:40:00,AP_5_104,5,104,20,20.0,-95.45576534787887,31.222937047874126,268.16998902349576,85.48288780456883,3.641895891371008,4.931204181368779,10,49.31204181368779,True,FHSS
2025-11-02T00:40:10,AP_5_104,5,104,20,20.0,-94.23418693412803,30.66665928579193,245.04251027704987,97.71329925642874,3.401772790329616,2.102387734950495,10,21.02387734950495,True,Microwave
2025-11-02T00:40:20,AP_5_104,5,104,20,20.0,-95.64615118206683,31.152888560133693,283.5819602444186,77.2690339293865,3.7305767007181827,3.7796210702825186,10,37.796210702825185,True,ZigBee
2025-11-02T00:40:30,AP_5_104,5,104,20,20.0,-93.2010134500422,28.87973720979594,256.07287839075957,94.55354977582166,3.4975104629588665,3.399418024611916,10,33.99418024611916,True,BLE
2025-11-02T00:40:40,AP_5_104,5,104,20,20.0,-95.334960610677,30.28129488422126,271.5669403845606,85.58486511612136,3.6067913266439575,2.583581450372215,10,25.835814503722155,False,wifi
2025-11-02T00:40:50,AP_5_104,5,104,20,20.0,-95.255056349083,30.69983034131024,295.537612855198,78.57712966000857,3.850403945643916,3.9925566316308965,10,39.92556631630897,True,FHSS
2025-11-02T00:41:00,AP_5_104,5,104,20,20.0,-97.62640764927667,32.30523887069696,221.28549795814683,86.35517999733182,3.2404480635534916,4.249088673902441,10,42.49088673902441,True,Microwave
2025-11-02T00:41:10,AP_5_104,5,104,20,20.0,-94.35236567377203,30.419599114704504,291.38333325742315,84.23196016527862,3.7597392801226,2.757616998942593,10,27.57616998942593,True,ZigBee
2025-11-02T00:41:20,AP_5_104,5,104,20,20.0,-92.96307525302136,29.455044422195378,240.29531323916981,100.0,3.334193238031003,2.5864628583492997,10,25.864628583492998,True,BLE
2025-11-02T00:41:30,AP_5_104,5,104,20,20.0,-97.6975460378943,32.2496565325698,232.80845149410385,83.73945321942182,3.263682550778681,2.7283315895984894,10,27.283315895984895,False,wifi
2025-11-02T00:41:40,AP_5_104,5,104,20,20.0,-95.9856932373615,32.033372329295396,310.7675832206884,64.3486071279244,3.9520771043574143,5.127094094736128,10,51.270940947361275,True,FHSS
2025-11-02T00:41:50,AP_5_104,5,104,20,20.0,-94.74411288425954,31.14813912078222,302.57789930105054,68.71357851636554,3.915110789270753,2.4608968969093894,10,24.608968969093894,True,Microwave
2025-11-02T00:42:00,AP_5_104,5,104,20,20.0,-95.25293089833389,30.577634022420305,211.346700512512,100.0,3.0997917048066674,1.957800740922321,10,19.57800740922321,True,ZigBee
2025-11-02T00:42:10,AP_5_104,5,104,20,20.0,-96.44812437524847,32.3031393843229,299.7366662498289,67.36382329034465,3.89904066688025,2.128187735720568,10,21.28187735720568,True,BLE
2025-11-02T00:42:20,AP_5_104,5,104,20,20.0,-96.41555767431834,32.02006300916809,290.2119259807002,69.53223285798566,3.812915506602478,2.461969962255078,10,24.61969962255078,False,wifi
2025-11-02T00:42:30,AP_5_104,5,104,20,20.0,-96.0124785258228,31.691684146724526,246.3048162474209,83.96036015783537,3.39067417792563,3.059416240752893,10,30.59416240752893,True,FHSS
2025-11-02T00:42:40,AP_5_104,5,104,20,20.0,-97.12564545084658,32.91934729461788,276.57842967330686,77.82618484685175,3.650623223397235,3.742799078762933,10,37.42799078762933,True,Microwave
2025-11-02T00:42:50,AP_5_104,5,104,20,20.0,-95.07420195684502,30.62961521369822,293.26882315503957,77.60375534113811,3.791914397693202,2.1323964346489794,10,21.32396434648979,True,ZigBee
2025-11-02T00:43:00,AP_5_104,5,104,20,20.0,-95.93943957143911,31.808412047437134,302.3333850476929,71.24948653414937,3.921300190472091,2.7238427892869503,10,27.238427892869506,True,BLE
2025-11-02T00:43:10,AP_5_104,5,104,20,20.0,-96.89098628257459,32.51840007932297,296.9870530340182,71.60900012199193,3.86035394891272,2.233621471702989,10,22.33621471702989,False,wifi
2025-11-02T00:43:20,AP_5_104,5,104,20,20.0,-97.1993077989199,32.44947470949931,234.90241423174012,87.99104870848217,3.2878598538121295,2.3303123865272988,10,23.303123865272987,True,FHSS
2025-11-02T00:43:30,AP_5_104,5,104,20,20.0,-94.85245608796718,31.77275519234116,271.0322751854641,93.35347050075774,3.602123233014525,3.3025427719899323,10,33.02542771989933,True,Microwave
2025-11-02T00:43:40,AP_5_104,5,104,20,20.0,-96.65974929818017,31.678139783587483,265.29396741350104,76.1733145329329,3.530859481558198,2.7423496781135914,10,27.423496781135913,True,ZigBee
2025-11-02T00:43:50,AP_5_104,5,104,20,20.0,-96.16342365394864,32.02006669501232,307.26886710189194,70.69931824905063,3.8980654516202917,2.236796292770862,10,22.367962927708618,True,BLE
2025-11-02T00:44:00,AP_5_104,5,104,20,20.0,-95.7432926280489,31.082337237690474,271.3080820231404,84.0816958129449,3.6159705898411247,2.0195516376693616,10,20.195516376693618,False,wifi
2025-11-02T00:44:10,AP_5_104,5,104,20,20.0,-96.3813936357041,32.0999992768341,283.49823943849754,59.57092399168791,3.7396204991147486,3.6566181319219435,10,36.56618131921944,True,FHSS
2025-11-02T00:44:20,AP_5_104,5,104,20,20.0,-95.20412624677681,31.423931168153892,305.65094364743817,75.46342695688304,3.9849402196088612,3.1306847415960326,10,31.306847415960327,True,Microwave
2025-11-02T00:44:30,AP_5_104,5,104,20,20.0,-95.26330416945918,31.681716325226443,306.0354787712431,74.79484832414704,3.966943961742851,6.380000759806,10,63.800007598060006,True,ZigBee
2025-11-02T00:44:40,AP_5_104,5,104,20,20.0,-96.42874361488144,32.1019858419382,281.06390348068965,78.95165291391686,3.6934540947010435,2.9589611346062923,10,29.58961134606292,True,BLE
2025-11-02T00:44:50,AP_5_104,5,104,20,20.0,-95.32805604573049,31.393298338293306,252.65316965666625,95.11980742874037,3.4115650287788775,2.516618903452484,10,25.166189034524844,False,wifi
2025-11-02T00:45:00,AP_5_104,5,104,20,20.0,-95.0024620410448,32.118651139964285,239.53556651234757,100.0,3.3401982725616954,3.431078028775531,10,34.31078028775531,True,FHSS
2025-11-02T00:45:10,AP_5_104,5,104,20,20.0,-97.26885831601994,33.15547383753445,326.0990465421439,58.98318512084202,4.103438630143335,2.371425716142029,10,23.714257161420292,True,Microwave
2025-11-02T00:45:20,AP_5_104,5,104,20,20.0,-95.31136189587178,31.460034864746422,247.27696978697136,97.5393913997876,3.4056597614642627,2.9299861114633377,10,29.299861114633373,True,ZigBee
2025-11-02T00:45:30,AP_5_104,5,104,20,20.0,-94.29877692312569,30.749236311362857,285.70449687577855,85.33463831244978,3.6764139646430083,2.7190681941336408,10,27.190681941336408,True,BLE
2025-11-02T00:45:40,AP_5_104,5,104,20,20.0,-97.21852650902287,32.68488881144339,315.6399855874603,62.1887278922897,3.9965125040586846,2.253979085270371,10,22.53979085270371,False,wifi
2025-11-02T00:45:50,AP_5_104,5,104,20,20.0,-97.76870816724691,33.29539600521697,273.1064837113851,73.91301289554588,3.680250191804196,4.077890539808823,10,40.778905398088234,True,FHSS
2025-11-02T00:46:00,AP_5_104,5,104,20,20.0,-94.41597850681923,31.654290503144722,286.4607597758318,84.8180663301871,3.7439656490822593,3.543071044234588,10,35.430710442345884,True,Microwave
2025-11-02T00:46:10,AP_5_104,5,104,20,20.0,-96.65480993900914,32.85474664800154,245.1050989187846,89.94300317010006,3.3809002124357845,2.392345930539263,10,23.92345930539263,True,ZigBee
2025-11-02T00:46:20,AP_5_104,5,104,20,20.0,-96.23488145783217,32.48147357370059,257.9749437534772,89.73088453203853,3.528429286559562,3.0436804084973694,10,30.436804084973694,True,BLE
2025-11-02T00:46:30,AP_5_104,5,104,20,20.0,-97.29467146842964,33.18121773751779,295.24387782086006,69.02832566096858,3.8836492759452375,1.9429567328638244,10,19.429567328638246,False,wifi
2025-11-02T00:46:40,AP_5_104,5,104,20,20.0,-94.46001088897361,30.815077924768985,220.19687664662334,100.0,3.168491162610921,5.657755942909846,10,56.57755942909846,True,FHSS
2025-11-02T00:46:50,AP_5_104,5,104,20,20.0,-93.97751456194831,31.071509881083074,258.07347047374867,100.0,3.4944064757726045,2.9086241608826686,10,29.086241608826686,True,Microwave
2025-11-02T00:47:00,AP_5_104,5,104,20,20.0,-98.79211130022222,34.49150833167329,274.5772153503796,67.55729900455253,3.66519159796312,2.6546002931045254,10,26.546002931045255,True,ZigBee
2025-11-02T00:47:10,AP_5_104,5,104,20,20.0,-97.96573593289733,33.41556744614502,286.9000872504964,66.47629106375095,3.76038693334523,3.5205826763880514,10,35.205826763880516,True,BLE
2025-11-02T00:47:20,AP_5_104,5,104,20,20.0,-96.20687203026768,32.37558318888055,284.1403149440329,78.82904810774127,3.7571044838001852,2.686856957150382,10,26.86856957150382,False,wifi
2025-11-02T00:47:30,AP_5_104,5,104,20,20.0,-97.37303477336081,33.51586992191693,297.04161309559714,69.62853949246824,3.833253591886282,2.1357680086641824,10,21.35768008664182,True,FHSS
2025-11-02T00:47:40,AP_5_104,5,104,20,20.0,-96.7613008554576,33.02008665805137,272.8835993970759,81.91655215947165,3.653595215618761,2.1440746351935593,10,21.440746351935594,True,Microwave
2025-11-02T00:47:50,AP_5_104,5,104,20,20.0,-98.56895554792382,33.949868951817976,269.4664835098825,68.2004290777969,3.65974625707699,3.4451313607975362,10,34.451313607975365,True,ZigBee
2025-11-02T00:48:00,AP_5_104,5,104,20,20.0,-97.38500245539352,32.9298343042535,288.1526637424576,69.51096876557735,3.762236187110152,6.1873954354688045,10,61.873954354688045,True,BLE
2025-11-02T00:48:10,AP_5_104,5,104,20,20.0,-97.15292479831177,33.42238099856445,302.74163312820417,59.46780025555984,3.9333243281173003,1.936420757287587,10,19.36420757287587,False,wifi
2025-11-02T00:48:20,AP_5_104,5,104,20,20.0,-96.87326830019138,33.239264777816885,324.2318990161242,59.93307501202595,4.131938869827837,4.6905453983550105,10,46.9054539835501,True,FHSS
2025-11-02T00:48:30,AP_5_104,5,104,20,20.0,-96.79023775793138,32.9458282906502,318.8879513154345,59.62369432496702,4.058431236284229,2.0871566815244984,10,20.871566815244986,True,Microwave
2025-11-02T00:48:40,AP_5_104,5,104,20,20.0,-97.01389808956007,33.302017516244945,309.0423236079798,68.5497343648763,3.91482760263199,2.7838567013499746,10,27.83856701349975,True,ZigBee
2025-11-02T00:48:50,AP_5_104,5,104,20,20.0,-96.27526422541023,32.48801968434545,249.59891972463484,89.43812628925951,3.425210477700986,2.065077039731152,10,20.650770397311522,True,BLE
2025-11-02T00:49:00,AP_5_104,5,104,20,20.0,-94.45983915258888,31.256351158398388,248.30806161986288,99.88993830545886,3.425423522103452,2.4205842107498836,10,24.20584210749884,False,wifi
2025-11-02T00:49:10,AP_5_104,5,104,20,20.0,-95.80977170685662,31.87265891676874,286.61212946299554,76.24382259062808,3.7940868246920516,3.763227592204476,10,37.632275922044755,True,FHSS
2025-11-02T00:49:20,AP_5_104,5,104,20,20.0,-93.69574437883544,29.880555019248664,238.5628490007188,100.0,3.308975845538074,2.150387097987325,10,21.503870979873252,True,Microwave
2025-11-02T00:49:30,AP_5_104,5,104,20,20.0,-96.74527464898922,32.920769909938215,277.7532690367772,80.49038562127674,3.6619220244665547,2.8320230536381046,10,28.320230536381047,True,ZigBee
2025-11-02T00:49:40,AP_5_104,5,104,20,20.0,-95.24401892610268,31.102251969492237,255.7982614667892,93.03189234620552,3.4513967760386493,3.119690771918522,10,31.19690771918522,True,BLE
2025-11-02T00:49:50,AP_5_104,5,104,20,20.0,-96.89054664817502,33.01666544487493,302.94564896151667,69.22207106176508,3.9209990794924634,2.386191690486798,10,23.86191690486798,False,wifi
2025-11-02T00:50:00,AP_5_104,5,104,20,20.0,-96.31572026637572,31.55253211697675,300.9166970811638,67.9693233912019,3.8861398240821416,2.4406953458619,10,24.406953458619,True,FHSS
2025-11-02T00:50:10,AP_5_104,5,104,20,20.0,-95.80226404745427,31.43704058864767,238.64650965347408,94.75693209456804,3.356605444492581,3.9014511000644907,10,39.01451100064491,True,Microwave
2025-11-02T00:50:20,AP_5_104,5,104,20,20.0,-95.88634416254273,32.42574802600423,297.2715210618676,77.31505231374487,3.8587281694225077,5.412255307892053,10,54.12255307892053,True,ZigBee
2025-11-02T00:50:30,AP_5_104,5,104,20,20.0,-94.12919273731303,30.34523558993114,216.4846049337334,100.0,3.1482198274086852,3.6803829089869025,10,36.80382908986902,True,BLE
2025-11-02T00:50:40,AP_5_104,5,104,20,20.0,-99.08877314856726,34.07731702466332,256.7562814840359,66.65900641550215,3.4881667755476946,2.2716552211738654,10,22.716552211738655,False,wifi
2025-11-02T00:50:50,AP_5_104,5,104,20,20.0,-96.45236669449264,32.46959176687473,244.00039015342685,83.76894776854022,3.386481744367562,4.8817527564734196,10,48.8175275647342,True,FHSS
2025-11-02T00:51:00,AP_5_104,5,104,20,20.0,-98.27821765697668,33.73754275929438,323.7981082949361,49.04528911283739,4.12389261645176,2.2910553792124078,10,22.910553792124077,True,Microwave
2025-11-02T00:51:10,AP_5_104,5,104,20,20.0,-95.310594981421,31.389623148129395,214.65205382955895,100.0,3.086141716673307,2.1137775266849497,10,21.137775266849495,True,ZigBee
2025-11-02T00:51:20,AP_5_104,5,104,20,20.0,-94.90772263670111,30.76156935181742,216.46689555034135,99.30745067474047,3.130900741905137,2.282977761672698,10,22.829777616726982,True,BLE
2025-11-02T00:51:30,AP_5_104,5,104,20,20.0,-95.25133694083436,30.86476513827293,302.7180073184331,75.77680989502599,3.8934979095667153,2.5318342597756804,10,25.318342597756804,False,wifi
2025-11-02T00:51:40,AP_5_104,5,104,20,20.0,-95.49461499989253,31.370410497896,261.56003070091015,91.08186149994303,3.544067816133431,3.272480873696307,10,32.72480873696308,True,FHSS
2025-11-02T00:51:50,AP_5_104,5,104,20,20.0,-96.09492487818186,32.128529137168506,238.97106922717586,95.46146649200975,3.3280374437497593,1.9872648705898222,10,19.87264870589822,True,Microwave
2025-11-02T00:52:00,AP_5_104,5,104,20,20.0,-95.55750439434826,30.79946682439196,277.1938266245803,80.88067875049713,3.6536771417895246,2.8245900531690267,10,28.245900531690264,True,ZigBee
2025-11-02T00:52:10,AP_5_104,5,104,20,20.0,-95.54768405979786,31.461867759724168,268.78661419222647,88.00315044617676,3.5858990827748727,3.891174727894979,10,38.91174727894979,True,BLE
2025-11-02T00:52:20,AP_5_104,5,104,20,20.0,-96.9864476717176,32.97892304604212,244.10764090533476,90.61973260044729,3.4189844674709944,2.6682484630848187,10,26.682484630848187,False,wifi
2025-11-02T00:52:30,AP_5_104,5,104,20,20.0,-95.3112876265534,31.170968283723017,318.89183059637475,72.2478630263478,4.0852949482839325,2.666281920254104,10,26.662819202541044,True,FHSS
2025-11-02T00:52:40,AP_5_104,5,104,20,20.0,-94.75632544741006,30.327125425768067,267.08780058171686,88.48186249149185,3.549749211836847,3.9988392304424325,10,39.98839230442432,True,Microwave
2025-11-02T00:52:50,AP_5_104,5,104,20,20.0,-95.38841300894885,30.968180408576046,224.55567715902527,100.0,3.1968918493466068,2.978800395477184,10,29.788003954771842,True,ZigBee
2025-11-02T00:53:00,AP_5_104,5,104,20,20.0,-96.08155596148484,31.03955439339781,266.92607328479306,84.91063728325764,3.560891081733961,3.3811862131537835,10,33.811862131537836,True,BLE
2025-11-02T00:53:10,AP_5_104,5,104,20,20.0,-95.51289731546687,31.129217503165457,249.6983959102418,95.45044755118678,3.408207865525367,1.8841285738690923,10,18.84128573869092,False,wifi
2025-11-02T00:53:20,AP_5_104,5,104,20,20.0,-94.85477760399762,31.282228503118056,250.93403792159273,100.0,3.446889588365741,4.677688777401148,10,46.77688777401148,True,FHSS
2025-11-02T00:53:30,AP_5_104,5,104,20,20.0,-96.28083031667066,31.955750955371684,261.15663368373185,88.79317905057697,3.528939673236785,2.265203813915124,10,22.652038139151237,True,Microwave
2025-11-02T00:53:40,AP_5_104,5,104,20,20.0,-95.14179903125932,30.78024809625084,253.1494852406432,97.19500356745907,3.430375809366968,2.612888939232966,10,26.128889392329658,True,ZigBee
2025-11-02T00:53:50,AP_5_104,5,104,20,20.0,-94.25599014895434,30.339920536508345,259.825015883515,97.97296023543356,3.5303268385150304,3.8775542966174936,10,38.77554296617494,True,BLE
2025-11-02T00:54:00,AP_5_104,5,104,20,20.0,-96.22227054273525,31.991110273611913,261.700979384732,89.22570525973228,3.5602176343797645,2.11056428628701,10,21.105642862870102,False,wifi
2025-11-02T00:54:10,AP_5_104,5,104,20,20.0,-97.81094046038145,33.06039333749,256.0360042658631,76.64637254615135,3.5379126545366426,2.866653758852604,10,28.66653758852604,True,FHSS
2025-11-02T00:54:20,AP_5_104,5,104,20,20.0,-94.74364440567904,31.02202144048759,280.0235540470571,88.90609310153037,3.6811006562517337,2.1078380228515163,10,21.078380228515165,True,Microwave
2025-11-02T00:54:30,AP_5_104,5,104,20,20.0,-96.37826588500315,31.789306522713833,249.2850554033318,89.52538039834674,3.447707428837873,3.369525724894815,10,33.69525724894815,True,ZigBee
2025-11-02T00:54:40,AP_5_104,5,104,20,20.0,-97.26979455816715,33.17565611005027,268.9808820754981,78.24179726918493,3.6002348577365586,2.7892120339870234,10,27.892120339870235,True,BLE
2025-11-02T00:54:50,AP_5_104,5,104,20,20.0,-95.33402166778976,30.421185952362958,205.0606379698013,100.0,3.088099991660132,2.700928647260501,10,27.00928647260501,False,wifi
2025-11-02T00:55:00,AP_5_104,5,104,20,20.0,-97.2974986069806,32.94011960377529,266.5240093798044,77.89001268681129,3.616470335598689,2.697864150910908,10,26.97864150910908,True,FHSS
2025-11-02T00:55:10,AP_5_104,5,104,20,20.0,-97.94765181938043,33.33230697863745,330.62246950538145,51.52343536176117,4.170666491846797,3.8164426841613053,10,38.16442684161305,True,Microwave
2025-11-02T00:55:20,AP_5_104,5,104,20,20.0,-92.64135478331792,28.746434445121217,266.6250808958115,94.5368700091064,3.564628067806318,2.5178123694454873,10,25.178123694454875,True,ZigBee
2025-11-02T00:55:30,AP_5_104,5,104,20,20.0,-95.48795672822348,31.356868039076865,260.6484940803356,90.17199991931997,3.4973758824873884,2.6588169607004195,10,26.588169607004197,True,BLE
2025-11-02T00:55:40,AP_5_104,5,104,20,20.0,-96.55735062992544,31.835670303893743,222.68956311097608,94.08075271516226,3.1884133620142037,2.6907723713011333,10,26.907723713011332,False,wifi
2025-11-02T00:55:50,AP_5_104,5,104,20,20.0,-96.34795112660167,32.06095042588867,306.8898445801632,73.2103456569266,3.9801190313976234,3.5465437273840132,10,35.46543727384013,True,FHSS
2025-11-02T00:56:00,AP_5_104,5,104,20,20.0,-96.01473646585065,31.454661970210985,241.33182789949893,94.2704737873447,3.3551575244425336,2.8401608815063564,10,28.40160881506356,True,Microwave
2025-11-02T00:56:10,AP_5_104,5,104,20,20.0,-94.41480688423968,30.53070734598743,253.64391555162874,95.72665126009298,3.430356609492608,4.264510008746891,10,42.645100087468904,True,ZigBee
2025-11-02T00:56:20,AP_5_104,5,104,20,20.0,-96.15879512393008,32.26901117698712,316.03635706705705,68.78226298834086,4.029448352171927,3.097300877514483,10,30.973008775144827,True,BLE
2025-11-02T00:56:30,AP_5_104,5,104,20,20.0,-96.82065135420102,33.49578862437046,266.17011774143896,80.80785846072843,3.6201159652855255,2.5959018468520902,10,25.9590184685209,False,wifi
2025-11-02T00:56:40,AP_5_104,5,104,20,20.0,-97.19217840307164,33.00376041349744,229.67168931611178,91.25347439400561,3.2752741063028177,4.998945859911038,10,49.98945859911038,True,FHSS
2025-11-02T00:56:50,AP_5_104,5,104,20,20.0,-95.90812509239636,31.96056849354718,239.75319324354732,89.73039104213841,3.315781652610879,3.096231186864146,10,30.962311868641457,True,Microwave
2025-11-02T00:57:00,AP_5_104,5,104,20,20.0,-97.93303264852146,33.539856727317996,248.06746824015062,82.91362481467792,3.4027769468867115,3.4383689823563306,10,34.38368982356331,True,ZigBee
2025-11-02T00:57:10,AP_5_104,5,104,20,20.0,-97.20686309073861,32.74468987318831,228.8556471152403,88.20016869094587,3.270216135614813,3.533346027412105,10,35.333460274121045,True,BLE
2025-11-02T00:57:20,AP_5_104,5,104,20,20.0,-97.48581649609757,33.11668829582393,297.08076180603683,66.14528889416162,3.865834852662764,2.7032749573218515,10,27.032749573218517,False,wifi
2025-11-02T00:57:30,AP_5_104,5,104,20,20.0,-98.76095900621254,34.30714009853788,294.5117778380415,58.73201451656823,3.8701739923944642,4.963307259979889,10,49.633072599798886,True,FHSS
2025-11-02T00:57:40,AP_5_104,5,104,20,20.0,-96.51255788687094,32.33315380107076,314.8060668624114,64.35219975380996,4.031971567921771,2.2309444606549644,10,22.309444606549643,True,Microwave
2025-11-02T00:57:50,AP_5_104,5,104,20,20.0,-95.99564696102331,31.387353685049096,289.58762114111596,75.52610672114298,3.780387180281366,2.563799442208277,10,25.637994422082773,True,ZigBee
2025-11-02T00:58:00,AP_5_104,5,104,20,20.0,-95.1822661399521,31.49708119621717,308.5514500928975,76.406039021198,3.9143457844861436,4.714887166260533,10,47.14887166260534,True,BLE
2025-11-02T00:58:10,AP_5_104,5,104,20,20.0,-94.49384962345212,30.41028220580402,217.93042845113183,100.0,3.1438579903285313,2.129403932040165,10,21.29403932040165,False,wifi
2025-11-02T00:58:20,AP_5_104,5,104,20,20.0,-95.71244800096048,31.552457938624105,288.3449066657551,79.30683554050277,3.751373088978707,3.409555847498042,10,34.09555847498042,True,FHSS
2025-11-02T00:58:30,AP_5_104,5,104,20,20.0,-95.53305005604209,31.3264911038028,263.2963415813524,88.74474596931643,3.6005636447434006,5.727558551516631,10,57.275585515166306,True,Microwave
2025-11-02T00:58:40,AP_5_104,5,104,20,20.0,-94.77240068620091,31.23403351777073,222.28392122300792,100.0,3.2016224471855237,3.3802941975025087,10,33.802941975025085,True,ZigBee
2025-11-02T00:58:50,AP_5_104,5,104,20,20.0,-97.40926652763535,32.72675962189826,230.68814198938372,90.08638117627356,3.308208612151771,3.8151463814276796,10,38.151463814276795,True,BLE
2025-11-02T00:59:00,AP_5_104,5,104,20,20.0,-96.65506274998896,32.15455021363091,258.0964003057249,86.07966852400922,3.5509929260596316,2.0912956136385374,10,20.912956136385375,False,wifi
2025-11-02T00:59:10,AP_5_104,5,104,20,20.0,-96.92936031183169,32.638377369506486,246.79785224439297,89.72184097488102,3.464856848379514,2.988363716920069,10,29.883637169200693,True,FHSS
2025-11-02T00:59:20,AP_5_104,5,104,20,20.0,-94.61562175683615,30.812045864948743,249.77615408129344,100.0,3.460070290111055,2.107140681856765,10,21.071406818567652,True,Microwave
2025-11-02T00:59:30,AP_5_104,5,104,20,20.0,-96.26547470986667,32.11539977876767,240.55908629957258,93.1587673483593,3.3662236039888223,1.9947293653286233,10,19.947293653286234,True,ZigBee
2025-11-02T00:59:40,AP_5_104,5,104,20,20.0,-93.85102641739076,29.77472941363345,243.81964814190547,100.0,3.3646976555037105,3.7101190240986535,10,37.10119024098654,True,BLE
2025-11-02T00:59:50,AP_5_104,5,104,20,20.0,-98.2344833342208,33.3862660901039,304.8983403328863,57.55685567424211,3.948723912202073,2.5751892164254864,10,25.751892164254862,False,wifi
