timestamp,num_clients,reward,Q_value,policy,tx_power_1,width_1,obss_pd_1,tx_power_2,width_2,obss_pd_2,tx_power_3,width_3,obss_pd_3,p50_throughput_1,p95_retry_1,p50_throughput_2,p95_retry_2,p50_throughput_3,p95_retry_3
2025-01-01 00:00:00,22,51.933239046319585,301099.90625,cql,20.0,160.0,-79.92742,17.0,20.0,-81.745834,17.0,160.0,-81.204895,29.37395053631485,1.0,9.052795003511227,1.0,13.506493506493507,1.0
2025-01-01 01:00:00,25,23.00233774023309,296527.875,cql,20.0,160.0,-79.92742,17.0,20.0,-81.745834,17.0,160.0,-81.204895,8.813559322033898,1.0,13.684125681112018,1.0,6.005367571337336,11.89999999999998
2025-01-01 02:00:00,25,31.825191320547354,297153.0,cql,20.0,160.0,-79.92742,17.0,20.0,-81.745834,17.0,160.0,-81.204895,4.642857142857142,14.299999999999986,2.7368421052631575,3.0,30.588235294117645,1.0
2025-01-01 03:00:00,15,166.62698404433448,297981.65625,cql,20.0,160.0,-79.92742,17.0,20.0,-81.745834,17.0,160.0,-81.204895,130.0,1.0,4.126984044334473,1.0,32.5,1.0
2025-01-01 04:00:00,18,17.843338052730324,298196.84375,cql,20.0,160.0,-79.92742,17.0,20.0,-81.745834,17.0,160.0,-81.204895,3.0232558139534884,14.299999999999986,8.96551724137931,1.0,8.666404320864757,1.0
2025-01-01 05:00:00,14,43.49626868561497,300446.34375,cql,20.0,160.0,-79.92742,17.0,20.0,-81.745834,17.0,160.0,-81.204895,0.0,0.0,3.5128042204232464,4.899999999999997,42.77936986512043,1.0
2025-01-01 06:00:00,14,63.668381217094264,298891.875,cql,20.0,160.0,-79.92742,17.0,20.0,-81.745834,17.0,160.0,-81.204895,32.5,1.0,3.138269179286809,1.0,28.03011203780746,1.0
2025-01-01 07:00:00,12,45.00868192580899,300820.5625,cql,20.0,160.0,-79.92742,17.0,20.0,-81.745834,17.0,160.0,-81.204895,6.19047619047619,18.099999999999998,4.333333333333333,3.25,43.33333333333333,1.0
2025-01-01 08:00:00,12,86.58960214806382,297960.78125,cql,20.0,160.0,-79.92742,17.0,20.0,-81.745834,17.0,160.0,-81.204895,64.99999999478106,1.0,1.7801439704492197,1.0,19.809458182833534,1.0
2025-01-01 09:00:00,8,119.1416960220965,298179.28125,cql,20.0,160.0,-79.92742,17.0,20.0,-81.745834,17.0,160.0,-81.204895,0.0,0.0,3.586206896551724,1.0,115.55548912554477,1.0
2025-01-01 10:00:00,5,175.49999999990763,296736.75,cql,20.0,160.0,-79.92742,17.0,20.0,-81.745834,17.0,160.0,-81.204895,12.99999999990763,1.0,32.5,1.0,130.0,1.0
2025-01-01 11:00:00,5,106.9940127898968,299288.84375,cql,20.0,160.0,-79.92742,17.0,20.0,-81.745834,17.0,160.0,-81.204895,18.196032202761586,1.0,25.99999987206678,1.0,62.79798071506843,1.0
2025-01-01 12:00:00,7,276.25,297648.21875,cql,20.0,160.0,-79.92742,17.0,20.0,-81.745834,17.0,160.0,-81.204895,130.0,1.0,16.25,1.0,130.0,1.0
2025-01-01 13:00:00,5,267.027014932023,299026.59375,cql,20.0,160.0,-79.92742,17.0,20.0,-81.745834,17.0,160.0,-81.204895,0.0,0.0,7.027014932022996,1.0,260.0,1.0
2025-01-01 14:00:00,5,273.4115405224814,298904.46875,cql,20.0,160.0,-79.92742,17.0,20.0,-81.745834,17.0,160.0,-81.204895,0.0,0.0,13.994073022028884,1.0,259.4174675004525,1.0
2025-01-01 15:00:00,5,238.33333333333331,297067.53125,cql,20.0,160.0,-79.92742,17.0,20.0,-81.745834,17.0,160.0,-81.204895,130.0,1.0,65.0,1.0,43.33333333333333,1.0
2025-01-01 16:00:00,9,123.24711819626418,296989.5625,cql,20.0,160.0,-79.92742,17.0,20.0,-81.745834,17.0,160.0,-81.204895,33.640298707050334,1.0,28.5999997487521,1.0,61.006819740461744,1.0
2025-01-01 17:00:00,12,146.13793103448276,300540.46875,cql,20.0,160.0,-79.92742,17.0,20.0,-81.745834,17.0,160.0,-81.204895,7.172413793103448,1.0,8.96551724137931,1.0,130.0,1.0
2025-01-01 18:00:00,15,34.8619098791974,298820.5625,cql,20.0,160.0,-79.92742,17.0,20.0,-81.745834,17.0,160.0,-81.204895,17.930957498245014,1.0,4.55,1.0,21.666666666666664,1.75
2025-01-01 19:00:00,16,33.08119754110514,296811.5,cql,20.0,160.0,-79.92742,17.0,20.0,-81.745834,17.0,160.0,-81.204895,26.0,1.0,6.49970467077119,1.0,8.489795906875695,14.599999999999987
2025-01-01 20:00:00,18,50.62936517048837,300255.03125,cql,20.0,160.0,-79.92742,17.0,20.0,-81.745834,17.0,160.0,-81.204895,11.750317102344813,1.0,1.7361909252864183,1.0,37.14285714285714,1.0
2025-01-01 21:00:00,21,43.91637457692253,296342.09375,cql,20.0,160.0,-79.92742,17.0,20.0,-81.745834,17.0,160.0,-81.204895,7.738092170087247,15.25,0.7222222222222221,9.549999999999986,43.33333333333333,1.0
2025-01-01 22:00:00,24,33.10756568290682,299441.625,cql,20.0,160.0,-79.92742,17.0,20.0,-81.745834,17.0,160.0,-81.204895,4.999703754920863,1.0,1.5493074351891862,20.0,28.030396556226492,1.0
2025-01-01 23:00:00,23,46.61151692192997,298143.53125,cql,20.0,160.0,-79.92742,17.0,20.0,-81.745834,17.0,160.0,-81.204895,32.519080096628215,1.0,1.857142857142857,1.0,12.2352939681589,1.0
2025-01-02 00:00:00,25,5.92109910686581,297301.46875,cql,20.0,160.0,-79.92742,17.0,20.0,-81.745834,17.0,160.0,-81.204895,5.633675700311576,14.299999999999986,1.9696969696969697,12.799999999999994,15.045108947181902,2.799999999999999
2025-01-02 01:00:00,25,24.01306604146361,297396.21875,cql,20.0,160.0,-79.92742,17.0,20.0,-81.745834,17.0,160.0,-81.204895,11.818181818181818,1.0,4.482758620689655,11.89999999999998,11.818181818181818,1.0
2025-01-02 02:00:00,18,38.26581044327986,299504.40625,cql,20.0,160.0,-79.92742,17.0,20.0,-81.745834,17.0,160.0,-81.204895,8.779220777896402,1.0,11.555555182624838,1.0,17.93103448275862,1.0
2025-01-02 03:00:00,22,78.72841075060983,300002.21875,cql,20.0,160.0,-79.92742,17.0,20.0,-81.745834,17.0,160.0,-81.204895,57.77777777777777,1.0,3.4574466784057307,1.0,17.49318629442632,1.0
2025-01-02 04:00:00,18,58.053914183417746,296736.21875,cql,20.0,160.0,-79.92742,17.0,20.0,-81.745834,17.0,160.0,-81.204895,28.876084187129912,1.75,10.310917875571963,1.0,31.24237677234298,1.0
2025-01-02 05:00:00,19,58.57296219849388,299964.96875,cql,20.0,160.0,-79.92742,17.0,20.0,-81.745834,17.0,160.0,-81.204895,17.93103448275862,1.0,3.499070572878124,1.0,37.14285714285714,1.0
2025-01-02 06:00:00,14,155.77634888986157,298421.40625,cql,20.0,160.0,-79.92742,17.0,20.0,-81.745834,17.0,160.0,-81.204895,64.98269809621078,1.0,4.1269841269841265,1.0,86.66666666666666,1.0
2025-01-02 07:00:00,11,104.72106672613714,296825.21875,cql,20.0,160.0,-79.92742,17.0,20.0,-81.745834,17.0,160.0,-81.204895,60.73419289741271,1.0,8.45,1.0,35.53687382872442,1.0
2025-01-02 08:00:00,7,184.16640121749478,299928.65625,cql,20.0,160.0,-79.92742,17.0,20.0,-81.745834,17.0,160.0,-81.204895,64.99973455850642,1.0,32.4999999923217,1.0,86.66666666666666,1.0
2025-01-02 09:00:00,6,357.5,298496.53125,cql,20.0,160.0,-79.92742,17.0,20.0,-81.745834,17.0,160.0,-81.204895,32.5,1.0,65.0,1.0,260.0,1.0
2025-01-02 10:00:00,5,141.55555554266473,299411.125,cql,20.0,160.0,-79.92742,17.0,20.0,-81.745834,17.0,160.0,-81.204895,0.0,0.0,11.555555542664731,1.0,130.0,1.0
2025-01-02 11:00:00,5,141.86296399694086,297363.4375,cql,20.0,160.0,-79.92742,17.0,20.0,-81.745834,17.0,160.0,-81.204895,51.99999999981526,1.0,26.0,19.05,88.49813460080014,1.0
2025-01-02 12:00:00,6,328.52355340139246,300630.46875,cql,20.0,160.0,-79.92742,17.0,20.0,-81.745834,17.0,160.0,-81.204895,130.0,1.0,7.279999994206519,1.0,191.24355340718594,1.0
2025-01-02 13:00:00,5,140.4977789128892,300731.40625,cql,20.0,160.0,-79.92742,17.0,20.0,-81.745834,17.0,160.0,-81.204895,65.0,1.0,7.9570319227205,1.0,67.54074699016871,1.0
2025-01-02 14:00:00,8,155.64133008541455,299355.34375,cql,20.0,160.0,-79.92742,17.0,20.0,-81.745834,17.0,160.0,-81.204895,65.0,1.0,32.5,1.0,58.14133008541456,1.0
2025-01-02 15:00:00,8,124.1118909597819,300807.75,cql,20.0,160.0,-79.92742,17.0,20.0,-81.745834,17.0,160.0,-81.204895,5.186849368924092,19.05,10.833333333294844,1.0,113.00628206906322,1.0
2025-01-02 16:00:00,11,33.2264299758056,301441.28125,cql,20.0,160.0,-79.92742,17.0,20.0,-81.745834,17.0,160.0,-81.204895,0.0,0.0,8.96551724137931,1.0,24.260912734426295,1.0
2025-01-02 17:00:00,11,30.561844016230218,300400.53125,cql,20.0,160.0,-79.92742,17.0,20.0,-81.745834,17.0,160.0,-81.204895,21.666666666666664,1.0,6.341463414634147,1.0,46.22222222222222,18.099999999999998
2025-01-02 18:00:00,13,34.29540470707016,299226.65625,cql,20.0,160.0,-79.92742,17.0,20.0,-81.745834,17.0,160.0,-81.204895,21.666666666666664,1.0,3.6931818181818183,3.599999999999998,11.60285420201966,1.0
2025-01-02 19:00:00,19,70.68092925188857,296913.40625,cql,20.0,160.0,-79.92742,17.0,20.0,-81.745834,17.0,160.0,-81.204895,24.76190476190476,1.0,32.189204466143764,1.0,13.729820023840054,1.0
2025-01-02 20:00:00,18,6.6503818396582695,296592.4375,cql,20.0,160.0,-79.92742,17.0,20.0,-81.745834,17.0,160.0,-81.204895,7.222222222222221,18.099999999999998,7.222190458103536,15.25,5.777777777777778,1.0
2025-01-02 21:00:00,19,55.96524837707804,300568.65625,cql,20.0,160.0,-79.92742,17.0,20.0,-81.745834,17.0,160.0,-81.204895,24.76190476190476,1.0,3.095238095238095,1.0,28.108105519935187,1.0
2025-01-02 22:00:00,25,11.606589540819087,300018.3125,cql,20.0,160.0,-79.92742,17.0,20.0,-81.745834,17.0,160.0,-81.204895,10.922639620298119,15.25,5.416666666666666,1.0,5.473684210526315,1.0
2025-01-02 23:00:00,20,21.20837977416235,300201.71875,cql,20.0,160.0,-79.92742,17.0,20.0,-81.745834,17.0,160.0,-81.204895,18.57142807200078,1.0,2.166659929750285,3.2499999999999964,33.79042390892705,17.14999999999999
2025-01-03 00:00:00,23,31.160907347311962,297927.15625,cql,20.0,160.0,-79.92742,17.0,20.0,-81.745834,17.0,160.0,-81.204895,17.93097651860863,1.0,5.3061224489795915,1.0,11.885712569585609,1.5
2025-01-03 01:00:00,24,12.068329901028152,298159.65625,cql,20.0,160.0,-79.92742,17.0,20.0,-81.745834,17.0,160.0,-81.204895,30.588234918767178,16.199999999999996,4.1035396696984945,14.899999999999988,9.904761904761905,1.0
2025-01-03 02:00:00,25,22.32386132572757,300197.84375,cql,20.0,160.0,-79.92742,17.0,20.0,-81.745834,17.0,160.0,-81.204895,8.66666653559285,1.0,6.341463414634147,1.0,16.82618216365131,2.299999999999999
2025-01-03 03:00:00,23,4.63220558267635,298181.46875,cql,20.0,160.0,-79.92742,17.0,20.0,-81.745834,17.0,160.0,-81.204895,10.83216601677239,15.25,3.8235294117647056,1.5,20.936420099434105,15.25
2025-01-03 04:00:00,18,80.19611807533408,298218.21875,cql,20.0,160.0,-79.92742,17.0,20.0,-81.745834,17.0,160.0,-81.204895,62.55433977509118,1.0,4.6428571421808575,1.0,12.99892115806204,1.0
2025-01-03 05:00:00,17,22.945819484667847,298091.15625,cql,20.0,160.0,-79.92742,17.0,20.0,-81.745834,17.0,160.0,-81.204895,6.76,1.0,4.881471658580891,1.0,11.304347826086957,1.0
2025-01-03 06:00:00,15,26.570456379050654,297831.46875,cql,20.0,160.0,-79.92742,17.0,20.0,-81.745834,17.0,160.0,-81.204895,5.159522074671205,1.0,8.89241578586093,1.0,12.518518518518519,1.0
2025-01-03 07:00:00,11,107.22934530392442,297540.90625,cql,20.0,160.0,-79.92742,17.0,20.0,-81.745834,17.0,160.0,-81.204895,20.222169271977585,1.0,6.48670340858748,19.05,86.66666666666666,1.0
2025-01-03 08:00:00,10,39.21604450800197,298566.3125,cql,20.0,160.0,-79.92742,17.0,20.0,-81.745834,17.0,160.0,-81.204895,0.0,0.0,5.4166666273225825,1.0,33.79937788067939,1.0
2025-01-03 09:00:00,7,91.80135780495772,299464.5625,cql,20.0,160.0,-79.92742,17.0,20.0,-81.745834,17.0,160.0,-81.204895,2.978632426296105,19.05,32.5,1.0,59.144999147409365,1.0
2025-01-03 10:00:00,5,260.69509012185574,299910.28125,cql,20.0,160.0,-79.92742,17.0,20.0,-81.745834,17.0,160.0,-81.204895,0.0,0.0,11.920795589826348,17.14999999999999,260.0,1.0
2025-01-03 11:00:00,11,155.8231316626443,297815.15625,cql,20.0,160.0,-79.92742,17.0,20.0,-81.745834,17.0,160.0,-81.204895,8.125,1.0,17.698131672574128,1.0,129.99999999007017,1.0
2025-01-03 12:00:00,5,59.40800720931426,298424.0625,cql,20.0,160.0,-79.92742,17.0,20.0,-81.745834,17.0,160.0,-81.204895,0.0,0.0,25.608139449167748,1.0,33.79986776014651,1.0
2025-01-03 13:00:00,5,295.23206009914213,297898.6875,cql,20.0,160.0,-79.92742,17.0,20.0,-81.745834,17.0,160.0,-81.204895,52.045744888657495,19.05,32.5,1.0,260.0,1.0
2025-01-03 14:00:00,7,227.49987131217668,300325.0,cql,20.0,160.0,-79.92742,17.0,20.0,-81.745834,17.0,160.0,-81.204895,129.99987131217668,1.0,10.833333333333332,1.0,86.66666666666666,1.0
2025-01-03 15:00:00,7,23.349557059667475,297681.09375,cql,20.0,160.0,-79.92742,17.0,20.0,-81.745834,17.0,160.0,-81.204895,23.110146378267842,1.0,0.0,20.0,4.333333333333333,18.099999999999998
2025-01-03 16:00:00,11,133.0574333872507,300294.3125,cql,20.0,160.0,-79.92742,17.0,20.0,-81.745834,17.0,160.0,-81.204895,5.475166413827054,15.25,2.6984225207933097,1.0,129.99998356063267,1.0
2025-01-03 17:00:00,12,178.95623294185972,298413.40625,cql,20.0,160.0,-79.92742,17.0,20.0,-81.745834,17.0,160.0,-81.204895,64.99514364747387,1.0,4.356961058894681,13.34999999999999,113.63472517012409,1.0
2025-01-03 18:00:00,13,98.74587838014894,301140.6875,cql,20.0,160.0,-79.92742,17.0,20.0,-81.745834,17.0,160.0,-81.204895,18.57142857142857,1.0,2.8260869565217392,16.199999999999996,79.9999999965894,1.0
2025-01-03 19:00:00,18,22.08881281214766,299040.28125,cql,20.0,160.0,-79.92742,17.0,20.0,-81.745834,17.0,160.0,-81.204895,17.93103448275862,1.0,3.5,1.0,8.15645128442408,12.399999999999993
2025-01-03 20:00:00,21,27.238747786631077,300677.625,cql,20.0,160.0,-79.92742,17.0,20.0,-81.745834,17.0,160.0,-81.204895,11.818181818181818,1.0,6.225163669598679,1.0,13.333333333333332,1.4499999999999993
2025-01-03 21:00:00,21,22.85318423275031,299534.46875,cql,20.0,160.0,-79.92742,17.0,20.0,-81.745834,17.0,160.0,-81.204895,13.333333332764898,12.399999999999993,8.965495038710415,16.199999999999996,21.224489795918366,1.0
2025-01-03 22:00:00,23,61.48332657046208,300826.90625,cql,20.0,160.0,-79.92742,17.0,20.0,-81.745834,17.0,160.0,-81.204895,24.76190476190476,1.0,3.2911390930759135,1.0,33.43028271548141,1.0
2025-01-03 23:00:00,22,22.358119556273284,300834.46875,cql,20.0,160.0,-79.92742,17.0,20.0,-81.745834,17.0,160.0,-81.204895,10.0,14.299999999999986,3.8505825933861804,12.399999999999993,21.348288002667246,1.0
2025-01-04 00:00:00,25,33.17269265680571,302089.65625,cql,20.0,160.0,-79.92742,17.0,20.0,-81.745834,17.0,160.0,-81.204895,8.666666666666666,1.0,4.193548387096774,1.0,20.312477603042268,1.0
2025-01-04 01:00:00,23,10.492730094274561,298570.15625,cql,20.0,160.0,-79.92742,17.0,20.0,-81.745834,17.0,160.0,-81.204895,6.666666660177042,1.0,1.9622641509433962,1.0,23.11111111111111,12.399999999999993
2025-01-04 02:00:00,22,19.712961895428606,298989.84375,cql,20.0,160.0,-79.92742,17.0,20.0,-81.745834,17.0,160.0,-81.204895,2.5060240963855422,1.0,16.25,1.0,13.68421052631579,14.299999999999986
2025-01-04 03:00:00,20,28.94807804307058,298397.34375,cql,20.0,160.0,-79.92742,17.0,20.0,-81.745834,17.0,160.0,-81.204895,4.642857142857142,1.0,7.647058823529411,1.0,16.65816207668403,1.0
2025-01-04 04:00:00,21,35.87005312864519,297344.40625,cql,20.0,160.0,-79.92742,17.0,20.0,-81.745834,17.0,160.0,-81.204895,6.449002036236763,1.0,3.4210526315789473,1.0,25.999998460829477,1.0
2025-01-04 05:00:00,16,14.926324745623159,300016.125,cql,20.0,160.0,-79.92742,17.0,20.0,-81.745834,17.0,160.0,-81.204895,12.682926829268293,16.199999999999996,8.125,1.7999999999999998,9.6295391388782,1.0
2025-01-04 06:00:00,16,50.066586916744505,298798.15625,cql,20.0,160.0,-79.92742,17.0,20.0,-81.745834,17.0,160.0,-81.204895,35.75,1.0,1.7105263157894737,1.0,12.606060600955033,1.0
2025-01-04 07:00:00,11,88.80864033925259,298794.0625,cql,20.0,160.0,-79.92742,17.0,20.0,-81.745834,17.0,160.0,-81.204895,65.0,1.0,2.9545454545454546,17.14999999999999,23.636363636363637,1.0
2025-01-04 08:00:00,11,243.02752628547566,300143.78125,cql,20.0,160.0,-79.92742,17.0,20.0,-81.745834,17.0,160.0,-81.204895,130.0,1.0,6.8421052631092785,1.0,106.18542102236637,1.0
2025-01-04 09:00:00,9,45.06666666666666,297259.21875,cql,20.0,160.0,-79.92742,17.0,20.0,-81.745834,17.0,160.0,-81.204895,0.0,0.0,28.888888888888886,1.0,16.177777777777777,1.0
2025-01-04 10:00:00,6,100.2857053538986,297644.15625,cql,20.0,160.0,-79.92742,17.0,20.0,-81.745834,17.0,160.0,-81.204895,0.0,0.0,9.285714285714285,1.0,90.99999106818431,1.0
2025-01-04 11:00:00,8,131.43131313131312,297703.03125,cql,20.0,160.0,-79.92742,17.0,20.0,-81.745834,17.0,160.0,-81.204895,53.3,1.0,65.0,1.0,23.636363636363637,1.7999999999999998
2025-01-04 12:00:00,5,15.792994334264506,297838.96875,cql,20.0,160.0,-79.92742,17.0,20.0,-81.745834,17.0,160.0,-81.204895,0.0,0.0,12.38095238095238,1.0,64.999399210596,19.05
2025-01-04 13:00:00,6,76.81815284796892,300207.84375,cql,20.0,160.0,-79.92742,17.0,20.0,-81.745834,17.0,160.0,-81.204895,11.818181818139832,1.0,64.99997102982908,1.0,0.0,0.0
2025-01-04 14:00:00,7,90.14023525144083,304254.875,cql,20.0,160.0,-79.92742,17.0,20.0,-81.745834,17.0,160.0,-81.204895,15.131279100638793,1.0,3.9632035657573175,1.0,71.04575258504471,1.0
2025-01-04 15:00:00,8,89.28571428571428,299492.71875,cql,20.0,160.0,-79.92742,17.0,20.0,-81.745834,17.0,160.0,-81.204895,0.0,0.0,9.285714285714285,1.0,80.0,1.0
2025-01-04 16:00:00,12,89.49318180986846,297103.53125,cql,20.0,160.0,-79.92742,17.0,20.0,-81.745834,17.0,160.0,-81.204895,18.19999999168665,1.0,3.6931818181818183,1.0,67.6,1.0
2025-01-04 17:00:00,7,169.72222222222223,299101.65625,cql,20.0,160.0,-79.92742,17.0,20.0,-81.745834,17.0,160.0,-81.204895,130.0,1.0,10.833333333333332,1.0,28.888888888888886,1.0
2025-01-04 18:00:00,13,72.90395247682858,299262.875,cql,20.0,160.0,-79.92742,17.0,20.0,-81.745834,17.0,160.0,-81.204895,18.955334763146855,1.0,2.2413793103448274,1.0,51.70723840333689,1.0
2025-01-04 19:00:00,16,23.397109521734137,299055.90625,cql,20.0,160.0,-79.92742,17.0,20.0,-81.745834,17.0,160.0,-81.204895,18.562565817710233,15.25,21.666666666666664,1.0,7.647058823529411,14.899999999999988
2025-01-04 20:00:00,19,50.96179612033476,299237.90625,cql,20.0,160.0,-79.92742,17.0,20.0,-81.745834,17.0,160.0,-81.204895,10.0,14.299999999999986,6.929162215048943,1.0,43.33333320598512,1.0
2025-01-04 21:00:00,22,10.007127941851754,298258.21875,cql,20.0,160.0,-79.92742,17.0,20.0,-81.745834,17.0,160.0,-81.204895,7.738095148611264,1.0,1.704796682129379,1.0,7.222222222222221,12.799999999999994
2025-01-04 22:00:00,24,13.216440995207545,300797.28125,cql,20.0,160.0,-79.92742,17.0,20.0,-81.745834,17.0,160.0,-81.204895,7.741447152740481,1.0,3.309090909077473,1.0,43.31805866779186,20.0
2025-01-04 23:00:00,23,49.74265485710512,302010.5625,cql,20.0,160.0,-79.92742,17.0,20.0,-81.745834,17.0,160.0,-81.204895,10.175129611831355,1.5999999999999996,1.0,20.0,43.33319884971053,1.0
2025-01-05 00:00:00,24,61.33782263826639,297513.4375,cql,20.0,160.0,-79.92742,17.0,20.0,-81.745834,17.0,160.0,-81.204895,11.818181818181818,1.0,2.2469135473572948,1.0,47.27272727272727,1.0
2025-01-05 01:00:00,24,53.06490109799435,299229.59375,cql,20.0,160.0,-79.92742,17.0,20.0,-81.745834,17.0,160.0,-81.204895,11.555555555555555,1.0,5.649559995839863,1.0,35.85978554659893,1.0
2025-01-05 02:00:00,23,45.36120547274803,300797.09375,cql,20.0,160.0,-79.92742,17.0,20.0,-81.745834,17.0,160.0,-81.204895,13.333333333333332,1.0,14.400753495346905,1.0,17.627118644067796,1.0
2025-01-05 03:00:00,22,66.9060226340205,300043.1875,cql,20.0,160.0,-79.92742,17.0,20.0,-81.745834,17.0,160.0,-81.204895,19.99993453002504,1.0,5.3061224489795915,1.0,41.599965655015865,1.0
2025-01-05 04:00:00,19,44.018969327510916,301158.9375,cql,20.0,160.0,-79.92742,17.0,20.0,-81.745834,17.0,160.0,-81.204895,14.772727272727273,1.0,7.211737352753131,1.0,22.03450470203051,1.0
2025-01-05 05:00:00,17,33.72981000530458,300778.09375,cql,20.0,160.0,-79.92742,17.0,20.0,-81.745834,17.0,160.0,-81.204895,16.89999999996305,17.14999999999999,4.642857142857142,16.4,32.461286219485785,1.0
2025-01-05 06:00:00,15,64.97968455708121,304963.65625,cql,20.0,160.0,-79.92742,17.0,20.0,-81.745834,17.0,160.0,-81.204895,14.444444444444443,15.25,5.413514463242087,1.0,58.61899340895752,1.0
2025-01-05 07:00:00,16,82.64092230301172,299734.65625,cql,20.0,160.0,-79.92742,17.0,20.0,-81.745834,17.0,160.0,-81.204895,12.682625330086347,16.199999999999996,7.579332255890293,1.0,74.27871194032598,1.0
2025-01-05 08:00:00,11,143.61904761494813,300050.46875,cql,20.0,160.0,-79.92742,17.0,20.0,-81.745834,17.0,160.0,-81.204895,8.666666666666666,1.0,4.952380948281459,1.0,130.0,1.0
2025-01-05 09:00:00,5,244.52380952380952,300249.03125,cql,20.0,160.0,-79.92742,17.0,20.0,-81.745834,17.0,160.0,-81.204895,130.0,1.0,65.0,1.0,49.52380952380952,1.0
2025-01-05 10:00:00,6,127.61446868356242,300383.3125,cql,20.0,160.0,-79.92742,17.0,20.0,-81.745834,17.0,160.0,-81.204895,62.70588235293574,1.0,28.888884366734736,1.0,36.01970196389194,1.0
2025-01-05 11:00:00,5,166.0969466875012,300740.59375,cql,20.0,160.0,-79.92742,17.0,20.0,-81.745834,17.0,160.0,-81.204895,13.0,1.0,32.49999993054889,1.0,120.59694675695232,1.0
2025-01-05 12:00:00,5,118.9230395580527,301933.34375,cql,20.0,160.0,-79.92742,17.0,20.0,-81.745834,17.0,160.0,-81.204895,0.0,0.0,12.38095238095238,1.0,106.54208717710031,1.0
2025-01-05 13:00:00,5,244.52380952380952,302189.21875,cql,20.0,160.0,-79.92742,17.0,20.0,-81.745834,17.0,160.0,-81.204895,130.0,1.0,65.0,1.0,49.52380952380952,1.0
2025-01-05 14:00:00,9,154.45654414338577,300702.6875,cql,20.0,160.0,-79.92742,17.0,20.0,-81.745834,17.0,160.0,-81.204895,7.222222222222221,1.0,21.666666666666664,1.0,125.56765525449688,1.0
2025-01-05 15:00:00,8,261.04382144219494,298666.78125,cql,20.0,160.0,-79.92742,17.0,20.0,-81.745834,17.0,160.0,-81.204895,130.0,1.0,6.117639090966321,5.799999999999999,129.98905608168354,1.0
2025-01-05 16:00:00,7,277.5675675675676,301968.40625,cql,20.0,160.0,-79.92742,17.0,20.0,-81.745834,17.0,160.0,-81.204895,130.0,1.0,17.56756756756757,1.0,130.0,1.0
2025-01-05 17:00:00,12,116.69759579018935,300070.03125,cql,20.0,160.0,-79.92742,17.0,20.0,-81.745834,17.0,160.0,-81.204895,17.818807912787033,1.0,7.878787878787879,1.0,90.99999999861444,1.0
2025-01-05 18:00:00,14,174.0843770153922,301190.09375,cql,20.0,160.0,-79.92742,17.0,20.0,-81.745834,17.0,160.0,-81.204895,130.0,1.0,1.9902657574559943,2.649999999999997,43.33333333333333,1.0
2025-01-05 19:00:00,13,86.79970760233917,300444.40625,cql,20.0,160.0,-79.92742,17.0,20.0,-81.745834,17.0,160.0,-81.204895,57.77777777777777,1.0,16.25,1.0,12.771929824561404,1.0
2025-01-05 20:00:00,20,87.86764180353879,300561.625,cql,20.0,160.0,-79.92742,17.0,20.0,-81.745834,17.0,160.0,-81.204895,65.0,1.0,3.7911262935423213,13.34999999999999,22.58366230589518,1.0
2025-01-05 21:00:00,24,4.379845268034396,302359.40625,cql,20.0,160.0,-79.92742,17.0,20.0,-81.745834,17.0,160.0,-81.204895,6.5,13.34999999999999,2.311110723475028,8.199999999999996,16.25,4.4999999999999964
2025-01-05 22:00:00,23,71.8174666866528,300989.78125,cql,20.0,160.0,-79.92742,17.0,20.0,-81.745834,17.0,160.0,-81.204895,52.84731235973192,1.0,1.9257496726747818,6.69999999999998,18.682729002641068,1.0
2025-01-05 23:00:00,24,16.949779887334778,300480.03125,cql,20.0,160.0,-79.92742,17.0,20.0,-81.745834,17.0,160.0,-81.204895,15.275061372215822,14.299999999999986,6.330400675455564,13.34999999999999,15.40740646087609,1.0
2025-01-06 00:00:00,25,17.23381058697715,298144.3125,cql,20.0,160.0,-79.92742,17.0,20.0,-81.745834,17.0,160.0,-81.204895,4.482758620689655,1.0,4.8148143258324865,2.1999999999999993,10.5625,1.0
2025-01-06 01:00:00,25,57.44273201722869,296945.59375,cql,20.0,160.0,-79.92742,17.0,20.0,-81.745834,17.0,160.0,-81.204895,7.536231884057971,1.0,3.291139240506329,8.599999999999973,49.52380952380952,1.0
2025-01-06 02:00:00,23,60.08655469664349,296544.71875,cql,20.0,160.0,-79.92742,17.0,20.0,-81.745834,17.0,160.0,-81.204895,32.5,1.0,2.708333333333333,1.0,24.878221363310153,1.0
2025-01-06 03:00:00,21,8.514539355292587,296381.96875,cql,20.0,160.0,-79.92742,17.0,20.0,-81.745834,17.0,160.0,-81.204895,11.818181818139832,1.7999999999999998,4.56140350877193,12.399999999999993,22.608695652173914,14.299999999999986
2025-01-06 04:00:00,21,53.23222158328541,296535.0625,cql,20.0,160.0,-79.92742,17.0,20.0,-81.745834,17.0,160.0,-81.204895,21.666666666666664,1.0,3.457446808510638,1.0,28.10810810810811,1.0
2025-01-06 05:00:00,15,132.2407679746187,298211.90625,cql,20.0,160.0,-79.92742,17.0,20.0,-81.745834,17.0,160.0,-81.204895,25.7542162273438,16.199999999999996,1.9204545454545454,2.9499999999999984,130.0,1.0
2025-01-06 06:00:00,14,73.5173205123682,297921.03125,cql,20.0,160.0,-79.92742,17.0,20.0,-81.745834,17.0,160.0,-81.204895,35.75,1.0,10.398899459736628,1.0,27.36842105263158,1.0
2025-01-06 07:00:00,14,39.15752369286785,297115.78125,cql,20.0,160.0,-79.92742,17.0,20.0,-81.745834,17.0,160.0,-81.204895,16.325357024459546,1.8499999999999996,4.333314749321952,1.0,25.99969163302722,1.0
2025-01-06 08:00:00,10,50.56551724137931,298610.0625,cql,20.0,160.0,-79.92742,17.0,20.0,-81.745834,17.0,160.0,-81.204895,0.0,20.0,8.96551724137931,1.0,41.6,1.0
2025-01-06 09:00:00,8,104.33160007151552,297497.96875,cql,20.0,160.0,-79.92742,17.0,20.0,-81.745834,17.0,160.0,-81.204895,58.97784401933237,1.95,9.099999969046628,1.0,64.98655188742666,1.0
2025-01-06 10:00:00,9,326.7432570546524,296193.875,cql,20.0,160.0,-79.92742,17.0,20.0,-81.745834,17.0,160.0,-81.204895,57.77777777777777,1.0,8.96547927687465,1.0,260.0,1.0
2025-01-06 11:00:00,7,13.838677712626511,298608.71875,cql,20.0,160.0,-79.92742,17.0,20.0,-81.745834,17.0,160.0,-81.204895,24.999989438211347,17.14999999999999,12.38095238095238,1.0,0.0,0.0
2025-01-06 12:00:00,5,361.30798929845963,298413.84375,cql,20.0,160.0,-79.92742,17.0,20.0,-81.745834,17.0,160.0,-81.204895,79.64161512838537,1.0,21.66662571714458,1.0,259.9997484529297,1.0
2025-01-06 13:00:00,5,259.9999033339963,301226.96875,cql,20.0,160.0,-79.92742,17.0,20.0,-81.745834,17.0,160.0,-81.204895,64.99998443229154,1.0,65.0,1.0,129.99991890170477,1.0
2025-01-06 14:00:00,5,134.836985770021,296179.46875,cql,20.0,160.0,-79.92742,17.0,20.0,-81.745834,17.0,160.0,-81.204895,130.0,1.0,8.948423674538805,1.8499999999999996,0.0,0.0
2025-01-06 15:00:00,8,123.28990232404414,298605.21875,cql,20.0,160.0,-79.92742,17.0,20.0,-81.745834,17.0,160.0,-81.204895,42.99010141298011,1.0,65.0,1.0,15.299800911064029,1.0
2025-01-06 16:00:00,9,209.6576479158106,296814.46875,cql,20.0,160.0,-79.92742,17.0,20.0,-81.745834,17.0,160.0,-81.204895,130.0,1.0,23.801746422235585,1.0,55.855901493575004,1.0
2025-01-06 17:00:00,12,96.95312416541312,297408.09375,cql,20.0,160.0,-79.92742,17.0,20.0,-81.745834,17.0,160.0,-81.204895,6.842105263157895,1.6999999999999993,65.0,1.0,27.928356363555523,1.0
2025-01-06 18:00:00,16,42.10643162376846,297803.4375,cql,20.0,160.0,-79.92742,17.0,20.0,-81.745834,17.0,160.0,-81.204895,17.93103448275862,1.0,6.842063807694108,1.0,17.333333333315736,1.0
2025-01-06 19:00:00,17,88.8193980414042,300394.90625,cql,20.0,160.0,-79.92742,17.0,20.0,-81.745834,17.0,160.0,-81.204895,65.0,1.0,2.178109419982665,11.89999999999998,23.636363636363637,1.0
2025-01-06 20:00:00,19,84.48120424713285,299315.84375,cql,20.0,160.0,-79.92742,17.0,20.0,-81.745834,17.0,160.0,-81.204895,64.99999999981526,1.0,7.428135317014278,10.5,18.773762788554322,1.0
2025-01-06 21:00:00,20,47.49453301270914,297758.84375,cql,20.0,160.0,-79.92742,17.0,20.0,-81.745834,17.0,160.0,-81.204895,21.666666666666664,1.0,4.642857142642711,1.0,21.18500920339977,1.0
2025-01-06 22:00:00,21,44.28011775118719,297051.40625,cql,20.0,160.0,-79.92742,17.0,20.0,-81.745834,17.0,160.0,-81.204895,35.81154926001637,1.0,1.809525711511081,2.299999999999999,7.681818181818182,1.0
2025-01-06 23:00:00,25,38.015308423431264,298529.46875,cql,20.0,160.0,-79.92742,17.0,20.0,-81.745834,17.0,160.0,-81.204895,21.666666666666664,1.0,0.9420289855072463,9.549999999999986,16.249999978177456,1.0
2025-01-07 00:00:00,24,260.31768833911406,295152.03125,cql,20.0,160.0,-79.92742,17.0,20.0,-81.745834,17.0,160.0,-81.204895,5.332638908190742,20.0,1.0612240596226032,20.0,259.9979951907234,1.0
2025-01-07 01:00:00,23,31.65509593603999,296753.65625,cql,20.0,160.0,-79.92742,17.0,20.0,-81.745834,17.0,160.0,-81.204895,16.774193548387096,1.6999999999999993,2.4251318770300747,20.0,21.666666666666664,1.0
2025-01-07 02:00:00,23,17.923649082893306,301184.78125,cql,20.0,160.0,-79.92742,17.0,20.0,-81.745834,17.0,160.0,-81.204895,7.738095238095237,1.0,8.666666666666666,1.0,20.277143828054175,13.34999999999999
2025-01-07 03:00:00,21,13.500764118991398,298765.34375,cql,20.0,160.0,-79.92742,17.0,20.0,-81.745834,17.0,160.0,-81.204895,10.0,1.0,2.079999091668995,1.0,21.666666666666664,15.25
2025-01-07 04:00:00,20,20.97862001179392,298420.71875,cql,20.0,160.0,-79.92742,17.0,20.0,-81.745834,17.0,160.0,-81.204895,5.50708430968145,17.299999999999994,3.6111111111111107,1.0,17.049180327868854,1.0
2025-01-07 05:00:00,16,17.208668266766633,295770.0,cql,20.0,160.0,-79.92742,17.0,20.0,-81.745834,17.0,160.0,-81.204895,5.909090909090909,1.0,9.027777777752117,1.0,34.64494359383498,15.25
2025-01-07 06:00:00,14,55.02521366821777,297299.6875,cql,20.0,160.0,-79.92742,17.0,20.0,-81.745834,17.0,160.0,-81.204895,45.49986804609796,1.0,2.096774193548387,1.0,7.428571428571428,1.0
2025-01-07 07:00:00,11,109.05103981555074,296508.125,cql,20.0,160.0,-79.92742,17.0,20.0,-81.745834,17.0,160.0,-81.204895,21.666666666666664,1.0,9.285714285714285,1.0,78.09865886316979,1.0
2025-01-07 08:00:00,11,71.14543653722336,298949.03125,cql,20.0,160.0,-79.92742,17.0,20.0,-81.745834,17.0,160.0,-81.204895,36.126834471541436,1.9,5.909090909090909,1.0,46.22222222205801,1.0
2025-01-07 09:00:00,6,204.63935463207406,295852.09375,cql,20.0,160.0,-79.92742,17.0,20.0,-81.745834,17.0,160.0,-81.204895,9.639357886288632,1.0,64.99999674578541,1.0,130.0,1.0
2025-01-07 10:00:00,8,264.51897563212435,297664.09375,cql,20.0,160.0,-79.92742,17.0,20.0,-81.745834,17.0,160.0,-81.204895,4.521636163931836,1.0,0.0,0.0,259.99733946819254,1.0
2025-01-07 11:00:00,6,177.23332888838922,297940.84375,cql,20.0,160.0,-79.92742,17.0,20.0,-81.745834,17.0,160.0,-81.204895,51.99999999963052,1.0,10.833333333333332,1.0,114.39999555542539,1.0
2025-01-07 12:00:00,5,151.66666666666666,298638.78125,cql,20.0,160.0,-79.92742,17.0,20.0,-81.745834,17.0,160.0,-81.204895,0.0,0.0,21.666666666666664,1.0,130.0,1.0
2025-01-07 13:00:00,6,117.39795918367346,298373.71875,cql,20.0,160.0,-79.92742,17.0,20.0,-81.745834,17.0,160.0,-81.204895,0.0,0.0,32.5,1.0,84.89795918367346,1.0
2025-01-07 14:00:00,5,29.033329924214353,297607.59375,cql,20.0,160.0,-79.92742,17.0,20.0,-81.745834,17.0,160.0,-81.204895,18.19999659088102,1.0,10.833333333333332,1.0,0.0,0.0
2025-01-07 15:00:00,9,186.56116723378688,296298.90625,cql,20.0,160.0,-79.92742,17.0,20.0,-81.745834,17.0,160.0,-81.204895,51.999763726631436,1.0,4.56140350877193,1.0,129.99999999838352,1.0
2025-01-07 16:00:00,8,141.13038771788575,296635.25,cql,20.0,160.0,-79.92742,17.0,20.0,-81.745834,17.0,160.0,-81.204895,18.2,1.0,1.1732296129379118,1.0,121.75715810494783,1.0
2025-01-07 17:00:00,13,72.08192803829256,298447.34375,cql,20.0,160.0,-79.92742,17.0,20.0,-81.745834,17.0,160.0,-81.204895,20.8,17.14999999999999,10.0,1.0,60.86910004995437,1.0
2025-01-07 18:00:00,16,23.273461711160813,299029.59375,cql,20.0,160.0,-79.92742,17.0,20.0,-81.745834,17.0,160.0,-81.204895,9.904761904761905,1.0,4.403182565019599,1.0,8.96551724137931,1.0
2025-01-07 19:00:00,16,41.00658744754412,297985.65625,cql,20.0,160.0,-79.92742,17.0,20.0,-81.745834,17.0,160.0,-81.204895,14.55999984832755,1.0,7.583139060762393,1.0,33.01103494229482,1.75
2025-01-07 20:00:00,21,41.606725512050375,298060.78125,cql,20.0,160.0,-79.92742,17.0,20.0,-81.745834,17.0,160.0,-81.204895,15.264581765908222,1.0,10.4,1.0,15.942143746142147,1.0
2025-01-07 21:00:00,21,38.70083156364923,297147.53125,cql,20.0,160.0,-79.92742,17.0,20.0,-81.745834,17.0,160.0,-81.204895,17.93103448275862,1.0,4.905659721074492,1.0,15.864137359816116,1.0
2025-01-07 22:00:00,25,29.708236276190895,298109.15625,cql,20.0,160.0,-79.92742,17.0,20.0,-81.745834,17.0,160.0,-81.204895,2.6530612244897958,11.44999999999998,2.7368395283944307,2.0,28.10810810810811,1.0
2025-01-07 23:00:00,25,21.05070644211603,300400.53125,cql,20.0,160.0,-79.92742,17.0,20.0,-81.745834,17.0,160.0,-81.204895,13.619047607008655,15.25,2.993920842242344,8.599999999999973,34.666666666666664,1.75
2025-01-08 00:00:00,23,16.92245014333608,298644.125,cql,20.0,160.0,-79.92742,17.0,20.0,-81.745834,17.0,160.0,-81.204895,4.0625,1.0,2.4250392939468055,9.549999999999986,12.606019327215993,1.0
2025-01-08 01:00:00,24,45.27489177489177,297808.75,cql,20.0,160.0,-79.92742,17.0,20.0,-81.745834,17.0,160.0,-81.204895,7.878787878787879,20.0,1.5476190476190474,1.0,43.33333333333333,1.0
2025-01-08 02:00:00,25,30.343780156716146,297906.21875,cql,20.0,160.0,-79.92742,17.0,20.0,-81.745834,17.0,160.0,-81.204895,14.85696754287916,1.0,5.676579186378309,13.69999999999999,15.072463768115941,1.0
2025-01-08 03:00:00,25,43.05911632762142,298818.25,cql,20.0,160.0,-79.92742,17.0,20.0,-81.745834,17.0,160.0,-81.204895,15.757051504488087,1.0,4.193548387096774,10.5,26.902679262457447,1.0
2025-01-08 04:00:00,20,18.918778427550357,299217.65625,cql,20.0,160.0,-79.92742,17.0,20.0,-81.745834,17.0,160.0,-81.204895,20.0,16.199999999999996,4.0,1.0,13.68421052631579,1.0
2025-01-08 05:00:00,19,36.58712121206327,297120.4375,cql,20.0,160.0,-79.92742,17.0,20.0,-81.745834,17.0,160.0,-81.204895,6.933333333296385,1.0,2.1666666666666665,20.0,29.545454545433554,1.0
2025-01-08 06:00:00,16,95.66445182724252,298943.78125,cql,20.0,160.0,-79.92742,17.0,20.0,-81.745834,17.0,160.0,-81.204895,12.093023255813954,1.0,9.285714285714285,1.0,74.28571428571428,1.0
2025-01-08 07:00:00,13,21.833417077521894,295742.90625,cql,20.0,160.0,-79.92742,17.0,20.0,-81.745834,17.0,160.0,-81.204895,6.5,1.0,8.058138502869873,2.0,11.304347826086957,1.0
2025-01-08 08:00:00,12,45.8258641970068,299463.71875,cql,20.0,160.0,-79.92742,17.0,20.0,-81.745834,17.0,160.0,-81.204895,20.799999999445777,1.0,9.285714285681294,1.0,29.11927733697749,1.8499999999999996
2025-01-08 09:00:00,8,229.90831497098134,299708.90625,cql,20.0,160.0,-79.92742,17.0,20.0,-81.745834,17.0,160.0,-81.204895,25.0,17.14999999999999,2.16666625170738,1.0,226.2839227717521,1.0
2025-01-08 10:00:00,7,71.83268901689031,300387.21875,cql,20.0,160.0,-79.92742,17.0,20.0,-81.745834,17.0,160.0,-81.204895,0.0,0.0,20.4359379969334,1.9,61.076932176399055,1.0
2025-01-08 11:00:00,5,70.7299005858822,297664.28125,cql,20.0,160.0,-79.92742,17.0,20.0,-81.745834,17.0,160.0,-81.204895,0.0,0.0,27.396567252548873,1.0,43.33333333333333,1.0
2025-01-08 12:00:00,5,238.88593854759694,297620.96875,cql,20.0,160.0,-79.92742,17.0,20.0,-81.745834,17.0,160.0,-81.204895,124.44651162042553,1.0,64.91561740336188,1.0,49.52380952380952,1.0
2025-01-08 13:00:00,6,304.4166666665743,297705.65625,cql,20.0,160.0,-79.92742,17.0,20.0,-81.745834,17.0,160.0,-81.204895,21.666666666666664,1.0,22.74999999990763,1.0,260.0,1.0
2025-01-08 14:00:00,6,181.38095204915734,301915.625,cql,20.0,160.0,-79.92742,17.0,20.0,-81.745834,17.0,160.0,-81.204895,65.0,1.0,12.38095238095238,1.0,103.99999966820496,1.0
2025-01-08 15:00:00,6,155.50163976732685,297812.53125,cql,20.0,160.0,-79.92742,17.0,20.0,-81.745834,17.0,160.0,-81.204895,130.0,1.0,3.4210526315789473,1.0,22.080587135747898,1.0
2025-01-08 16:00:00,8,86.49233658330267,299155.90625,cql,20.0,160.0,-79.92742,17.0,20.0,-81.745834,17.0,160.0,-81.204895,12.999999998891553,1.0,3.5862068943093495,1.7999999999999998,71.49999942090592,1.0
2025-01-08 17:00:00,9,46.25391759476305,301490.15625,cql,20.0,160.0,-79.92742,17.0,20.0,-81.745834,17.0,160.0,-81.204895,1.4963663448801021,2.8,16.599501043020158,1.0,29.12,1.0
2025-01-08 18:00:00,13,135.1780376868096,297985.34375,cql,20.0,160.0,-79.92742,17.0,20.0,-81.745834,17.0,160.0,-81.204895,13.68421052631579,16.199999999999996,4.333333333333333,1.0,130.0,1.0
2025-01-08 19:00:00,19,96.67698213856943,301150.3125,cql,20.0,160.0,-79.92742,17.0,20.0,-81.745834,17.0,160.0,-81.204895,57.77777777777777,1.0,4.232558139534884,1.0,34.66664622125677,1.0
2025-01-08 20:00:00,16,13.763412841648156,298781.9375,cql,20.0,160.0,-79.92742,17.0,20.0,-81.745834,17.0,160.0,-81.204895,18.57142014984388,6.9499999999999975,3.8690438352757353,1.0,7.222222222222221,1.0
2025-01-08 21:00:00,25,74.24432873350953,297264.21875,cql,20.0,160.0,-79.92742,17.0,20.0,-81.745834,17.0,160.0,-81.204895,64.99884028046904,1.0,1.5476190476190474,1.0,11.546804108132164,1.5
2025-01-08 22:00:00,20,29.404668904184355,299732.03125,cql,20.0,160.0,-79.92742,17.0,20.0,-81.745834,17.0,160.0,-81.204895,15.757414213346769,1.0,1.7105263157894737,16.199999999999996,21.666666634644873,1.5999999999999996
2025-01-08 23:00:00,25,46.397691861907525,298311.03125,cql,20.0,160.0,-79.92742,17.0,20.0,-81.745834,17.0,160.0,-81.204895,32.488820517790955,1.0,5.076923868076402,10.5,13.425354785252154,1.0
2025-01-09 00:00:00,24,24.084340114693756,299260.9375,cql,20.0,160.0,-79.92742,17.0,20.0,-81.745834,17.0,160.0,-81.204895,4.333333261438251,1.0,3.3308390743181278,12.399999999999993,19.48239079887501,1.0
2025-01-09 01:00:00,24,16.297895120587523,297055.15625,cql,20.0,160.0,-79.92742,17.0,20.0,-81.745834,17.0,160.0,-81.204895,4.324129714449153,1.0,2.7611640297805193,11.89999999999998,11.74173481540051,1.0
2025-01-09 02:00:00,25,30.10083874182634,299629.5625,cql,20.0,160.0,-79.92742,17.0,20.0,-81.745834,17.0,160.0,-81.204895,11.818181818181818,16.199999999999996,1.25,1.0,28.121321345642276,1.0
2025-01-09 03:00:00,24,23.84749455332861,297549.3125,cql,20.0,160.0,-79.92742,17.0,20.0,-81.745834,17.0,160.0,-81.204895,12.235294117560121,1.7999999999999998,4.814814814814815,1.0,12.235294117647058,1.0
2025-01-09 04:00:00,19,45.44891013456666,300092.96875,cql,20.0,160.0,-79.92742,17.0,20.0,-81.745834,17.0,160.0,-81.204895,18.571428569053325,1.0,1.5116279069767442,1.0,25.365853658536587,1.0
2025-01-09 05:00:00,14,97.91935483870967,297282.28125,cql,20.0,160.0,-79.92742,17.0,20.0,-81.745834,17.0,160.0,-81.204895,8.387096774193548,20.0,10.833333333333332,1.0,86.66666666666666,1.0
2025-01-09 06:00:00,17,18.535966197859082,297977.34375,cql,20.0,160.0,-79.92742,17.0,20.0,-81.745834,17.0,160.0,-81.204895,6.842105263157895,1.0,5.2,13.34999999999999,11.304347826086957,1.0
2025-01-09 07:00:00,9,66.68808330590922,300142.8125,cql,20.0,160.0,-79.92742,17.0,20.0,-81.745834,17.0,160.0,-81.204895,64.99537497257589,1.0,4.0625,2.3999999999999986,0.0,0.0
2025-01-09 08:00:00,11,267.7840681524155,299746.375,cql,20.0,160.0,-79.92742,17.0,20.0,-81.745834,17.0,160.0,-81.204895,1.2682926829268293,16.199999999999996,8.125,1.0,259.5807784806299,1.0
2025-01-09 09:00:00,5,120.24648009221025,298514.1875,cql,20.0,160.0,-79.92742,17.0,20.0,-81.745834,17.0,160.0,-81.204895,0.0,0.0,16.24666499351247,1.0,103.99981509869778,1.0
2025-01-09 10:00:00,6,95.02372341483166,301619.28125,cql,20.0,160.0,-79.92742,17.0,20.0,-81.745834,17.0,160.0,-81.204895,12.999999997413624,1.0,32.499913893608515,1.0,49.52380952380952,1.0
2025-01-09 11:00:00,5,282.3170679889334,298629.71875,cql,20.0,160.0,-79.92742,17.0,20.0,-81.745834,17.0,160.0,-81.204895,129.5670878273009,1.0,22.74998016163248,1.0,130.0,1.0
2025-01-09 12:00:00,5,310.55555555555554,300030.21875,cql,20.0,160.0,-79.92742,17.0,20.0,-81.745834,17.0,160.0,-81.204895,130.0,1.0,65.0,1.0,115.55555555555554,1.0
2025-01-09 13:00:00,5,93.88888350830446,299182.78125,cql,20.0,160.0,-79.92742,17.0,20.0,-81.745834,17.0,160.0,-81.204895,64.99999461941557,1.0,28.888888888888886,1.0,0.0,0.0
2025-01-09 14:00:00,7,184.40231546677177,298536.03125,cql,20.0,160.0,-79.92742,17.0,20.0,-81.745834,17.0,160.0,-81.204895,130.0,1.0,11.068982133438453,1.0,43.33333333333333,1.0
2025-01-09 15:00:00,7,134.64285714285714,300193.96875,cql,20.0,160.0,-79.92742,17.0,20.0,-81.745834,17.0,160.0,-81.204895,0.0,0.0,4.642857142857142,1.0,130.0,1.0
2025-01-09 16:00:00,8,64.31256763421683,297988.46875,cql,20.0,160.0,-79.92742,17.0,20.0,-81.745834,17.0,160.0,-81.204895,61.17647058823529,19.05,32.5,1.0,28.601204348745163,1.0
2025-01-09 17:00:00,9,102.68286721674521,298698.09375,cql,20.0,160.0,-79.92742,17.0,20.0,-81.745834,17.0,160.0,-81.204895,21.665970800565283,1.0,7.386363636363637,1.0,73.63053277981629,1.0
2025-01-09 18:00:00,15,88.69691436140437,297438.3125,cql,20.0,160.0,-79.92742,17.0,20.0,-81.745834,17.0,160.0,-81.204895,21.666666666666664,18.099999999999998,1.6666666666666665,2.0,86.66652762107287,1.0
2025-01-09 19:00:00,19,27.202618836527314,301006.46875,cql,20.0,160.0,-79.92742,17.0,20.0,-81.745834,17.0,160.0,-81.204895,3.0232558139534884,14.299999999999986,3.354838709677419,1.0,23.636363636363637,1.0
2025-01-09 20:00:00,20,30.035451405193722,300159.25,cql,20.0,160.0,-79.92742,17.0,20.0,-81.745834,17.0,160.0,-81.204895,10.833333333333332,1.0,1.724489791126409,1.0,17.47762828073398,1.0
2025-01-09 21:00:00,21,32.10006192967653,299525.28125,cql,20.0,160.0,-79.92742,17.0,20.0,-81.745834,17.0,160.0,-81.204895,21.101449165995582,1.0,5.900573547994675,1.0,5.098039215686274,1.0
2025-01-09 22:00:00,25,22.93587701591804,297632.96875,cql,20.0,160.0,-79.92742,17.0,20.0,-81.745834,17.0,160.0,-81.204895,17.93103448275862,1.0,4.333333333333333,1.0,7.050846598173947,10.5
2025-01-09 23:00:00,25,17.26668376884583,298871.375,cql,20.0,160.0,-79.92742,17.0,20.0,-81.745834,17.0,160.0,-81.204895,12.682926829245764,13.34999999999999,4.835786198916862,15.25,15.99955106226248,1.0
2025-01-10 00:00:00,23,42.89461936384974,300213.53125,cql,20.0,160.0,-79.92742,17.0,20.0,-81.745834,17.0,160.0,-81.204895,10.612244861237174,1.0,1.624969033191026,2.099999999999998,31.508579724902553,1.0
2025-01-10 01:00:00,24,44.27060356837611,299313.28125,cql,20.0,160.0,-79.92742,17.0,20.0,-81.745834,17.0,160.0,-81.204895,3.25,14.299999999999986,3.4210526315789473,1.3999999999999986,41.59972181854699,1.0
2025-01-10 02:00:00,21,30.41569512173149,298556.65625,cql,20.0,160.0,-79.92742,17.0,20.0,-81.745834,17.0,160.0,-81.204895,13.878869727185954,1.0,0.5777777321805961,20.0,16.507936507936506,1.0
2025-01-10 03:00:00,25,5.6418997230575885,298826.90625,cql,20.0,160.0,-79.92742,17.0,20.0,-81.745834,17.0,160.0,-81.204895,3.3015865144143173,1.0,1.8055555555555554,1.0,7.647034439154322,14.299999999999986
2025-01-10 04:00:00,22,35.111104974072944,301680.15625,cql,20.0,160.0,-79.92742,17.0,20.0,-81.745834,17.0,160.0,-81.204895,14.444444444444443,1.0,13.999993862961833,1.0,6.666666666666666,1.0
2025-01-10 05:00:00,17,69.71782058314147,298385.65625,cql,20.0,160.0,-79.92742,17.0,20.0,-81.745834,17.0,160.0,-81.204895,16.25,1.0,6.341463414634147,1.0,47.12635716850733,1.0
2025-01-10 06:00:00,20,22.709739822188666,298370.90625,cql,20.0,160.0,-79.92742,17.0,20.0,-81.745834,17.0,160.0,-81.204895,12.234675732964533,16.199999999999996,2.321428571428571,1.0,19.63308435366352,1.0
2025-01-10 07:00:00,8,117.64322701698863,299005.21875,cql,20.0,160.0,-79.92742,17.0,20.0,-81.745834,17.0,160.0,-81.204895,52.0,19.05,28.24690155767106,1.0,86.66666666666666,1.0
2025-01-10 08:00:00,9,149.23674065158312,300323.46875,cql,20.0,160.0,-79.92742,17.0,20.0,-81.745834,17.0,160.0,-81.204895,7.681457316611919,1.0,11.55555548830979,1.0,129.99972784666141,1.0
2025-01-10 09:00:00,10,109.33333314635993,299522.53125,cql,20.0,160.0,-79.92742,17.0,20.0,-81.745834,17.0,160.0,-81.204895,65.0,1.0,4.333333146359937,1.0,40.0,1.0
2025-01-10 10:00:00,5,160.95238095236337,298381.03125,cql,20.0,160.0,-79.92742,17.0,20.0,-81.745834,17.0,160.0,-81.204895,130.0,1.0,4.952380952363358,1.0,26.0,1.0
2025-01-10 11:00:00,7,100.22375607366439,298802.71875,cql,20.0,160.0,-79.92742,17.0,20.0,-81.745834,17.0,160.0,-81.204895,18.2,1.0,32.499946550558654,1.0,49.52380952310574,1.0
2025-01-10 12:00:00,5,394.80060101663105,301691.78125,cql,20.0,160.0,-79.92742,17.0,20.0,-81.745834,17.0,160.0,-81.204895,130.0,1.0,10.833333333333332,1.0,253.96726768329768,1.0
2025-01-10 13:00:00,8,164.44437947674885,299129.40625,cql,20.0,160.0,-79.92742,17.0,20.0,-81.745834,17.0,160.0,-81.204895,130.0,1.0,19.999935032304425,1.0,14.444444444444443,1.0
2025-01-10 14:00:00,5,33.27999999852207,300936.28125,cql,20.0,160.0,-79.92742,17.0,20.0,-81.745834,17.0,160.0,-81.204895,0.0,0.0,7.28,1.0,25.99999999852207,1.0
2025-01-10 15:00:00,9,107.51852688438353,302557.90625,cql,20.0,160.0,-79.92742,17.0,20.0,-81.745834,17.0,160.0,-81.204895,36.73587859724567,1.0,10.399999942009767,17.14999999999999,70.17623429635012,1.0
2025-01-10 16:00:00,10,56.66270290482556,300137.59375,cql,20.0,160.0,-79.92742,17.0,20.0,-81.745834,17.0,160.0,-81.204895,14.857140283910532,1.7999999999999998,28.6,1.0,19.808736080430812,1.0
2025-01-10 17:00:00,12,46.73687276043428,301201.46875,cql,20.0,160.0,-79.92742,17.0,20.0,-81.745834,17.0,160.0,-81.204895,21.666666666666664,1.0,4.642857142857142,1.0,55.15384216745827,2.6999999999999993
2025-01-10 18:00:00,12,47.31299142643706,300371.96875,cql,20.0,160.0,-79.92742,17.0,20.0,-81.745834,17.0,160.0,-81.204895,5.909090909090909,17.14999999999999,5.416666666666666,15.25,46.61324676382856,1.0
2025-01-10 19:00:00,19,30.114284282271882,301235.25,cql,20.0,160.0,-79.92742,17.0,20.0,-81.745834,17.0,160.0,-81.204895,18.57142857142857,1.0,3.999826442460883,13.34999999999999,11.243243243243244,1.0
2025-01-10 20:00:00,19,65.69802951061064,298224.96875,cql,20.0,160.0,-79.92742,17.0,20.0,-81.745834,17.0,160.0,-81.204895,43.33333333333333,1.0,3.0588235294117645,1.0,33.785277133764694,1.75
2025-01-10 21:00:00,22,38.6910009180889,297144.09375,cql,20.0,160.0,-79.92742,17.0,20.0,-81.745834,17.0,160.0,-81.204895,5.909090909090909,14.299999999999986,3.6111111111111107,1.0,34.66666666648192,1.0
2025-01-10 22:00:00,24,37.12688198486978,299093.125,cql,20.0,160.0,-79.92742,17.0,20.0,-81.745834,17.0,160.0,-81.204895,10.611206543969727,7.299999999999994,1.527690799473554,1.5,34.65483151435731,1.0
2025-01-10 23:00:00,23,52.03643643607694,305268.40625,cql,20.0,160.0,-79.92742,17.0,20.0,-81.745834,17.0,160.0,-81.204895,5.6216216212621255,1.0,4.814814814814815,1.0,41.6,1.0
2025-01-11 00:00:00,23,86.91762163149996,297693.78125,cql,20.0,160.0,-79.92742,17.0,20.0,-81.745834,17.0,160.0,-81.204895,65.0,1.0,10.833333333333332,1.0,11.084288298166632,1.0
2025-01-11 01:00:00,24,37.88025210084034,297746.40625,cql,20.0,160.0,-79.92742,17.0,20.0,-81.745834,17.0,160.0,-81.204895,18.57142857142857,1.0,3.0588235294117645,1.0,16.25,1.0
2025-01-11 02:00:00,24,41.01254964549992,296449.875,cql,20.0,160.0,-79.92742,17.0,20.0,-81.745834,17.0,160.0,-81.204895,21.666666666666664,1.0,3.8235294117647056,1.0,15.522353567068546,1.0
2025-01-11 03:00:00,23,32.41103920388423,299345.71875,cql,20.0,160.0,-79.92742,17.0,20.0,-81.745834,17.0,160.0,-81.204895,10.612244897619863,1.0,1.5128614733937051,11.44999999999998,21.666666666666664,1.0
2025-01-11 04:00:00,19,96.55632977809022,299814.0,cql,20.0,160.0,-79.92742,17.0,20.0,-81.745834,17.0,160.0,-81.204895,65.0,1.0,6.19047619047619,1.0,25.365853587614026,1.0
2025-01-11 05:00:00,17,79.66400917241126,302051.78125,cql,20.0,160.0,-79.92742,17.0,20.0,-81.745834,17.0,160.0,-81.204895,20.0,1.0,18.200123797664737,1.0,41.46388537474651,1.0
2025-01-11 06:00:00,12,74.84496392601937,300198.84375,cql,20.0,160.0,-79.92742,17.0,20.0,-81.745834,17.0,160.0,-81.204895,45.48023992966776,1.0,3.9999999977973175,1.0,25.3647239985543,1.0
2025-01-11 07:00:00,15,32.09091076098643,298782.53125,cql,20.0,160.0,-79.92742,17.0,20.0,-81.745834,17.0,160.0,-81.204895,7.17193597656822,1.0,5.909090909090909,1.0,19.009883875327304,1.0
2025-01-11 08:00:00,9,143.0773238295152,299453.90625,cql,20.0,160.0,-79.92742,17.0,20.0,-81.745834,17.0,160.0,-81.204895,25.94131332218757,1.0,2.7360105073276317,1.0,114.4,1.0
2025-01-11 09:00:00,9,39.772130204268706,301116.28125,cql,20.0,160.0,-79.92742,17.0,20.0,-81.745834,17.0,160.0,-81.204895,0.0,0.0,2.888888886938844,1.0,36.88324131732986,1.0
2025-01-11 10:00:00,8,204.81452461510446,302211.3125,cql,20.0,160.0,-79.92742,17.0,20.0,-81.745834,17.0,160.0,-81.204895,61.9925883872357,1.0,16.2499995109441,1.0,126.57193671692465,1.0
2025-01-11 11:00:00,6,406.2004228260674,298289.46875,cql,20.0,160.0,-79.92742,17.0,20.0,-81.745834,17.0,160.0,-81.204895,130.0,1.0,16.25,1.0,259.9504228260674,1.0
2025-01-11 12:00:00,5,233.6470050950249,299752.1875,cql,20.0,160.0,-79.92742,17.0,20.0,-81.745834,17.0,160.0,-81.204895,130.0,1.0,32.5,1.0,71.1470050950249,1.0
2025-01-11 13:00:00,5,393.6111111111111,298946.84375,cql,20.0,160.0,-79.92742,17.0,20.0,-81.745834,17.0,160.0,-81.204895,130.0,1.0,3.6111111111111107,1.0,260.0,1.0
2025-01-11 14:00:00,5,115.26520550921884,301717.15625,cql,20.0,160.0,-79.92742,17.0,20.0,-81.745834,17.0,160.0,-81.204895,0.0,0.0,28.598538842552195,1.0,86.66666666666666,1.0
2025-01-11 15:00:00,5,85.3233944623318,298418.375,cql,20.0,160.0,-79.92742,17.0,20.0,-81.745834,17.0,160.0,-81.204895,9.247619879122718,4.0,16.834737348941154,1.0,66.17675214360997,1.0
2025-01-11 16:00:00,7,29.376876876876878,300379.0,cql,20.0,160.0,-79.92742,17.0,20.0,-81.745834,17.0,160.0,-81.204895,0.0,0.0,14.932432432432433,1.0,14.444444444444443,1.0
2025-01-11 17:00:00,16,39.66926156150599,300029.96875,cql,20.0,160.0,-79.92742,17.0,20.0,-81.745834,17.0,160.0,-81.204895,14.772727272727273,1.0,14.038824398035477,2.6999999999999993,32.49999999990763,1.6499999999999995
2025-01-11 18:00:00,16,55.613937312268355,300588.96875,cql,20.0,160.0,-79.92742,17.0,20.0,-81.745834,17.0,160.0,-81.204895,24.76190476190476,1.0,4.044443688467643,15.25,30.586823128168998,1.0
2025-01-11 19:00:00,17,95.37208215550083,299766.0,cql,20.0,160.0,-79.92742,17.0,20.0,-81.745834,17.0,160.0,-81.204895,65.0,1.0,4.062499581431508,1.6999999999999993,27.982376519364642,1.0
2025-01-11 20:00:00,20,58.86206303061575,301284.21875,cql,20.0,160.0,-79.92742,17.0,20.0,-81.745834,17.0,160.0,-81.204895,3.939373560365536,1.0,1.6228321312049818,1.0,53.29985733904523,1.0
2025-01-11 21:00:00,20,26.526211277153106,299988.65625,cql,20.0,160.0,-79.92742,17.0,20.0,-81.745834,17.0,160.0,-81.204895,12.999940829459426,1.0,3.851851846720154,1.0,9.674418600973524,1.0
2025-01-11 22:00:00,25,27.812961532050135,298825.0625,cql,20.0,160.0,-79.92742,17.0,20.0,-81.745834,17.0,160.0,-81.204895,9.923815820926816,1.0,3.0290660011185047,1.0,14.860079710004815,1.0
2025-01-11 23:00:00,25,17.128086232854212,302319.96875,cql,20.0,160.0,-79.92742,17.0,20.0,-81.745834,17.0,160.0,-81.204895,12.971224419368255,1.0,3.6802677134277064,1.0,6.36253123577764,13.34999999999999
2025-01-12 00:00:00,25,22.1178472505132,300840.53125,cql,20.0,160.0,-79.92742,17.0,20.0,-81.745834,17.0,160.0,-81.204895,6.618181641475273,1.0,10.3999999813042,14.299999999999986,14.772392883072598,1.0
2025-01-12 01:00:00,24,11.833182165132024,298412.46875,cql,20.0,160.0,-79.92742,17.0,20.0,-81.745834,17.0,160.0,-81.204895,10.0,1.0,2.096774193548387,14.299999999999986,19.311050160263115,11.44999999999998
2025-01-12 02:00:00,21,24.889327427038005,301620.65625,cql,20.0,160.0,-79.92742,17.0,20.0,-81.745834,17.0,160.0,-81.204895,8.878048780465276,1.0,0.9285714285714285,14.299999999999986,27.906101267865914,1.75
2025-01-12 03:00:00,19,51.95459369122132,297473.84375,cql,20.0,160.0,-79.92742,17.0,20.0,-81.745834,17.0,160.0,-81.204895,4.078423342621515,1.0,2.485294117647059,1.0,45.39087623095274,1.0
2025-01-12 04:00:00,21,36.501907062600054,303159.15625,cql,20.0,160.0,-79.92742,17.0,20.0,-81.745834,17.0,160.0,-81.204895,24.074074074074076,1.0,3.4666666022782326,1.0,14.337866217996387,1.5999999999999996
2025-01-12 05:00:00,18,38.56565144532539,302802.5,cql,20.0,160.0,-79.92742,17.0,20.0,-81.745834,17.0,160.0,-81.204895,21.666666666666664,1.0,3.457446808510638,13.34999999999999,16.63999999899501,1.0
2025-01-12 06:00:00,18,142.46177165620318,300445.59375,cql,20.0,160.0,-79.92742,17.0,20.0,-81.745834,17.0,160.0,-81.204895,130.0,1.0,3.1296296296296298,1.0,9.332142026573557,1.0
2025-01-12 07:00:00,11,15.461831300681594,300574.75,cql,20.0,160.0,-79.92742,17.0,20.0,-81.745834,17.0,160.0,-81.204895,52.000680421306114,19.05,2.594294349061935,1.0,10.137842441314875,1.0
2025-01-12 08:00:00,12,47.470819697451546,301114.6875,cql,20.0,160.0,-79.92742,17.0,20.0,-81.745834,17.0,160.0,-81.204895,7.516834234058228,17.14999999999999,21.666666666666664,1.0,25.365853658536587,1.0
2025-01-12 09:00:00,8,75.26840906719323,299260.65625,cql,20.0,160.0,-79.92742,17.0,20.0,-81.745834,17.0,160.0,-81.204895,33.799999992536456,1.0,21.66117238436307,1.0,19.8072366902937,1.0
2025-01-12 10:00:00,7,77.81021308213872,297573.65625,cql,20.0,160.0,-79.92742,17.0,20.0,-81.745834,17.0,160.0,-81.204895,65.0,1.0,12.81021308213872,1.0,0.0,0.0
2025-01-12 11:00:00,5,67.59999999981525,300875.84375,cql,20.0,160.0,-79.92742,17.0,20.0,-81.745834,17.0,160.0,-81.204895,0.0,0.0,25.99999999981526,1.0,41.6,1.0
2025-01-12 12:00:00,6,115.7550644567219,300210.71875,cql,20.0,160.0,-79.92742,17.0,20.0,-81.745834,17.0,160.0,-81.204895,0.0,0.0,3.6111111111111107,18.099999999999998,115.55555555555554,1.0
2025-01-12 13:00:00,5,129.9561214587697,302058.1875,cql,20.0,160.0,-79.92742,17.0,20.0,-81.745834,17.0,160.0,-81.204895,0.0,0.0,65.0,1.0,64.9561214587697,1.0
2025-01-12 14:00:00,9,398.1479193193765,300599.78125,cql,20.0,160.0,-79.92742,17.0,20.0,-81.745834,17.0,160.0,-81.204895,130.0,1.0,8.148532553840438,1.0,259.9993867655361,1.0
2025-01-12 15:00:00,9,173.90942349519807,303070.90625,cql,20.0,160.0,-79.92742,17.0,20.0,-81.745834,17.0,160.0,-81.204895,43.33332167817213,1.0,16.25,1.0,114.32610181702594,1.0
2025-01-12 16:00:00,11,162.99284048227435,299795.40625,cql,20.0,160.0,-79.92742,17.0,20.0,-81.745834,17.0,160.0,-81.204895,127.3739837328593,1.0,5.909090909090909,1.0,29.70976584032415,1.0
2025-01-12 17:00:00,11,136.02222071001444,298516.78125,cql,20.0,160.0,-79.92742,17.0,20.0,-81.745834,17.0,160.0,-81.204895,6.759999997073701,17.14999999999999,5.909090909090909,1.0,129.71896070488424,1.0
2025-01-12 18:00:00,17,28.79445523137041,301179.84375,cql,20.0,160.0,-79.92742,17.0,20.0,-81.745834,17.0,160.0,-81.204895,8.524590163904142,1.0,8.96551724137931,1.0,11.304347826086957,1.0
2025-01-12 19:00:00,18,43.6610425029654,301810.5625,cql,20.0,160.0,-79.92742,17.0,20.0,-81.745834,17.0,160.0,-81.204895,12.999999999999998,1.0,6.19047619047619,1.0,24.47056631248921,1.0
2025-01-12 20:00:00,22,38.05096418732782,301049.15625,cql,20.0,160.0,-79.92742,17.0,20.0,-81.745834,17.0,160.0,-81.204895,16.25,1.0,1.4772727272727273,11.0,21.666666666666664,1.0
2025-01-12 21:00:00,20,105.1982440842512,304833.84375,cql,20.0,160.0,-79.92742,17.0,20.0,-81.745834,17.0,160.0,-81.204895,65.0,1.0,1.704918032187234,8.599999999999973,39.99999780143873,1.0
2025-01-12 22:00:00,25,22.02954646138721,300146.21875,cql,20.0,160.0,-79.92742,17.0,20.0,-81.745834,17.0,160.0,-81.204895,6.11764529469831,1.0,5.2,13.34999999999999,15.522388058074668,1.0
2025-01-12 23:00:00,20,38.94621242921802,300163.15625,cql,20.0,160.0,-79.92742,17.0,20.0,-81.745834,17.0,160.0,-81.204895,24.76190476190476,1.0,2.11032279073686,11.44999999999998,14.0,1.0
2025-01-13 00:00:00,23,31.298800218543004,296791.15625,cql,20.0,160.0,-79.92742,17.0,20.0,-81.745834,17.0,160.0,-81.204895,30.588235294117645,1.0,3.9393939393939394,12.399999999999993,5.34305736123669,13.599999999999994
2025-01-13 01:00:00,25,37.399462365591404,297664.96875,cql,20.0,160.0,-79.92742,17.0,20.0,-81.745834,17.0,160.0,-81.204895,20.8,1.0,5.416666666666666,1.0,11.182795698924732,1.0
2025-01-13 02:00:00,23,96.2200142519592,301061.96875,cql,20.0,160.0,-79.92742,17.0,20.0,-81.745834,17.0,160.0,-81.204895,9.285714285714285,1.0,2.5606060606060606,9.549999999999986,86.66617367717622,1.0
2025-01-13 03:00:00,21,14.072052326812589,298292.03125,cql,20.0,160.0,-79.92742,17.0,20.0,-81.745834,17.0,160.0,-81.204895,11.818181818181818,1.0,1.622435909573102,1.0,9.629377635629439,15.25
2025-01-13 04:00:00,20,27.359161359601675,297340.53125,cql,20.0,160.0,-79.92742,17.0,20.0,-81.745834,17.0,160.0,-81.204895,10.612244897959183,14.299999999999986,1.8245614034828432,2.799999999999999,25.965417259099915,1.0
2025-01-13 05:00:00,14,159.26595694769858,299211.90625,cql,20.0,160.0,-79.92742,17.0,20.0,-81.745834,17.0,160.0,-81.204895,57.77777777777777,1.0,0.40590859133556195,12.399999999999993,101.45544460610343,1.0
2025-01-13 06:00:00,15,61.82742793684356,299695.125,cql,20.0,160.0,-79.92742,17.0,20.0,-81.745834,17.0,160.0,-81.204895,21.665090274536464,1.0,2.3214285709914604,14.299999999999986,40.0,1.0
2025-01-13 07:00:00,9,123.06200564612585,295873.46875,cql,20.0,160.0,-79.92742,17.0,20.0,-81.745834,17.0,160.0,-81.204895,65.0,1.0,28.888888888888886,1.0,53.97026600088837,1.8499999999999996
2025-01-13 08:00:00,11,66.2167487684729,298603.78125,cql,20.0,160.0,-79.92742,17.0,20.0,-81.745834,17.0,160.0,-81.204895,17.93103448275862,1.0,4.9523809523809526,1.0,43.33333333333333,1.0
2025-01-13 09:00:00,8,31.055555561206383,299199.0625,cql,20.0,160.0,-79.92742,17.0,20.0,-81.745834,17.0,160.0,-81.204895,1.130165092622093e-07,20.0,26.0,1.0,5.055555555555555,1.0
2025-01-13 10:00:00,6,190.65727294001198,299942.90625,cql,20.0,160.0,-79.92742,17.0,20.0,-81.745834,17.0,160.0,-81.204895,65.0,1.0,21.666666666666664,1.0,103.99060627334532,1.0
2025-01-13 11:00:00,7,140.52332740385702,298576.1875,cql,20.0,160.0,-79.92742,17.0,20.0,-81.745834,17.0,160.0,-81.204895,32.50712508455376,19.05,8.816917831321739,1.0,129.9999988069419,1.0
2025-01-13 12:00:00,5,238.33333333333331,299177.28125,cql,20.0,160.0,-79.92742,17.0,20.0,-81.745834,17.0,160.0,-81.204895,130.0,1.0,65.0,1.0,43.33333333333333,1.0
2025-01-13 13:00:00,8,70.37567567551889,298318.59375,cql,20.0,160.0,-79.92742,17.0,20.0,-81.745834,17.0,160.0,-81.204895,18.19999999996305,1.0,32.5,1.0,19.675675675555844,1.0
2025-01-13 14:00:00,5,277.3305763414069,298417.53125,cql,20.0,160.0,-79.92742,17.0,20.0,-81.745834,17.0,160.0,-81.204895,33.13990129397635,7.6499999999999995,12.998563100364255,1.0,260.0,1.0
2025-01-13 15:00:00,7,216.77953103799598,296790.8125,cql,20.0,160.0,-79.92742,17.0,20.0,-81.745834,17.0,160.0,-81.204895,65.0,1.0,28.379205654292175,1.0,123.4003253837038,1.0
2025-01-13 16:00:00,9,131.2018811734112,297696.15625,cql,20.0,160.0,-79.92742,17.0,20.0,-81.745834,17.0,160.0,-81.204895,17.875,17.14999999999999,2.888888888888889,18.099999999999998,130.0,1.0
2025-01-13 17:00:00,13,66.5330646365129,298401.28125,cql,20.0,160.0,-79.92742,17.0,20.0,-81.745834,17.0,160.0,-81.204895,24.76190476190476,1.0,5.909090909090909,1.0,35.86206896551724,1.0
2025-01-13 18:00:00,13,32.68459958830491,298536.03125,cql,20.0,160.0,-79.92742,17.0,20.0,-81.745834,17.0,160.0,-81.204895,13.0,1.0,2.44960473975602,1.6499999999999995,18.199990655119446,1.0
2025-01-13 19:00:00,17,74.83740103376884,295510.34375,cql,20.0,160.0,-79.92742,17.0,20.0,-81.745834,17.0,160.0,-81.204895,30.588235294117645,1.0,8.387096774133955,1.0,35.86206896551724,1.0
2025-01-13 20:00:00,20,36.58568435938048,299090.9375,cql,20.0,160.0,-79.92742,17.0,20.0,-81.745834,17.0,160.0,-81.204895,16.25,1.0,2.090070324292762,1.0,18.24561403508772,1.0
2025-01-13 21:00:00,20,44.23502723239778,298264.8125,cql,20.0,160.0,-79.92742,17.0,20.0,-81.745834,17.0,160.0,-81.204895,20.8,1.0,3.708839588732345,11.44999999999998,23.11111111111111,1.0
2025-01-13 22:00:00,25,46.907521958827566,298702.09375,cql,20.0,160.0,-79.92742,17.0,20.0,-81.745834,17.0,160.0,-81.204895,35.16003044191403,1.0,3.8805970149253732,4.8499999999999925,10.947368421052632,1.0
2025-01-13 23:00:00,25,20.097187369004022,297859.96875,cql,20.0,160.0,-79.92742,17.0,20.0,-81.745834,17.0,160.0,-81.204895,15.294117647058822,1.0,4.467594013219847,1.0,6.709514174507053,20.0
2025-01-14 00:00:00,25,119.70015205692677,297316.84375,cql,20.0,160.0,-79.92742,17.0,20.0,-81.745834,17.0,160.0,-81.204895,3.930232557984868,1.0,2.9885057471264367,9.549999999999986,115.45698695997578,1.0
2025-01-14 01:00:00,21,32.398175355682596,298202.5,cql,20.0,160.0,-79.92742,17.0,20.0,-81.745834,17.0,160.0,-81.204895,17.93103448275862,1.0,5.078125,4.899999999999997,22.160801572977622,1.6499999999999995
2025-01-14 02:00:00,24,94.99643896475943,297772.3125,cql,20.0,160.0,-79.92742,17.0,20.0,-81.745834,17.0,160.0,-81.204895,15.294117647058822,1.0,5.4166666666570435,1.0,74.28565465104357,1.0
2025-01-14 03:00:00,20,78.61901091069277,295893.59375,cql,20.0,160.0,-79.92742,17.0,20.0,-81.745834,17.0,160.0,-81.204895,17.33333333321017,1.0,1.3541666666666665,12.399999999999993,61.17647058823529,1.0
2025-01-14 04:00:00,23,18.79445953255656,297523.96875,cql,20.0,160.0,-79.92742,17.0,20.0,-81.745834,17.0,160.0,-81.204895,3.5861934350400615,1.0,5.303519461232018,1.0,9.90474663628448,1.0
2025-01-14 05:00:00,17,33.306986979644236,296885.78125,cql,20.0,160.0,-79.92742,17.0,20.0,-81.745834,17.0,160.0,-81.204895,12.682926829268293,1.0,3.095238095238095,3.799999999999999,19.80952380952381,1.0
2025-01-14 06:00:00,15,41.45256501024035,299318.875,cql,20.0,160.0,-79.92742,17.0,20.0,-81.745834,17.0,160.0,-81.204895,6.018518518518519,15.25,18.57142857142857,1.0,41.599987050538886,1.8499999999999996
2025-01-14 07:00:00,10,74.08821614828875,297774.03125,cql,20.0,160.0,-79.92742,17.0,20.0,-81.745834,17.0,160.0,-81.204895,21.666666666666664,1.0,10.833333333333332,1.0,41.58821614828875,1.0
2025-01-14 08:00:00,10,107.8197894152012,295655.78125,cql,20.0,160.0,-79.92742,17.0,20.0,-81.745834,17.0,160.0,-81.204895,7.172413793103448,1.0,63.504518479240616,1.0,37.14285714285714,1.0
2025-01-14 09:00:00,8,203.2406336850939,298341.375,cql,20.0,160.0,-79.92742,17.0,20.0,-81.745834,17.0,160.0,-81.204895,65.0,1.0,8.240633685093904,1.0,130.0,1.0
2025-01-14 10:00:00,7,69.63440970310668,296612.09375,cql,20.0,160.0,-79.92742,17.0,20.0,-81.745834,17.0,160.0,-81.204895,64.99155256024954,1.0,4.642857142857142,1.0,0.0,0.0
2025-01-14 11:00:00,5,95.15573146596694,298497.65625,cql,20.0,160.0,-79.92742,17.0,20.0,-81.745834,17.0,160.0,-81.204895,63.03029915969696,1.0,32.12543230626997,1.0,0.0,0.0
2025-01-14 12:00:00,5,262.81496062992125,297826.40625,cql,20.0,160.0,-79.92742,17.0,20.0,-81.745834,17.0,160.0,-81.204895,52.0,19.05,1.625,19.05,260.0,1.0
2025-01-14 13:00:00,5,293.18241469816275,297675.5625,cql,20.0,160.0,-79.92742,17.0,20.0,-81.745834,17.0,160.0,-81.204895,13.0,19.05,32.5,1.0,260.0,1.0
2025-01-14 14:00:00,8,283.7724087996321,298475.59375,cql,20.0,160.0,-79.92742,17.0,20.0,-81.745834,17.0,160.0,-81.204895,22.824887031811873,1.0,16.249999569599403,17.14999999999999,259.99999992702726,1.0
2025-01-14 15:00:00,6,205.48118513712808,298604.59375,cql,20.0,160.0,-79.92742,17.0,20.0,-81.745834,17.0,160.0,-81.204895,130.0,1.0,11.555018790940867,1.0,124.65602437506504,1.95
2025-01-14 16:00:00,11,161.49195336282688,299331.03125,cql,20.0,160.0,-79.92742,17.0,20.0,-81.745834,17.0,160.0,-81.204895,130.0,1.0,5.49195336282689,1.0,26.0,1.0
2025-01-14 17:00:00,9,49.836238668664656,300247.84375,cql,20.0,160.0,-79.92742,17.0,20.0,-81.745834,17.0,160.0,-81.204895,0.0,0.0,17.33623913386586,1.0,32.499999534798796,1.0
2025-01-14 18:00:00,16,34.46638734530583,299186.09375,cql,20.0,160.0,-79.92742,17.0,20.0,-81.745834,17.0,160.0,-81.204895,4.193548387096774,1.0,9.048349162290693,1.0,21.224489795918366,1.0
2025-01-14 19:00:00,16,44.07537738908691,296986.15625,cql,20.0,160.0,-79.92742,17.0,20.0,-81.745834,17.0,160.0,-81.204895,11.551697527750814,1.0,8.449605787262017,1.0,24.074074074074076,1.0
2025-01-14 20:00:00,17,74.83574928870024,298293.15625,cql,20.0,160.0,-79.92742,17.0,20.0,-81.745834,17.0,160.0,-81.204895,29.864864864864867,1.0,4.971183349610573,1.0,39.9997010742248,1.0
2025-01-14 21:00:00,17,19.45254308812604,302342.53125,cql,20.0,160.0,-79.92742,17.0,20.0,-81.745834,17.0,160.0,-81.204895,0.0,0.0,3.976352611935565,1.0,15.476190476190474,1.0
2025-01-14 22:00:00,19,19.21397930651569,298383.03125,cql,20.0,160.0,-79.92742,17.0,20.0,-81.745834,17.0,160.0,-81.204895,9.100443183231803,1.7999999999999998,4.129247933424833,1.0,17.049180327868854,1.6999999999999993
2025-01-14 23:00:00,23,16.49949377382175,298199.15625,cql,20.0,160.0,-79.92742,17.0,20.0,-81.745834,17.0,160.0,-81.204895,5.6521739130434785,13.34999999999999,1.9839690387014117,1.0,25.365853658536587,1.7999999999999998
2025-01-15 00:00:00,23,40.484735750319736,299529.21875,cql,20.0,160.0,-79.92742,17.0,20.0,-81.745834,17.0,160.0,-81.204895,6.19047619047619,18.099999999999998,1.3632685670282072,9.549999999999986,39.99996985588649,1.0
2025-01-15 01:00:00,23,12.80194857318147,297157.15625,cql,20.0,160.0,-79.92742,17.0,20.0,-81.745834,17.0,160.0,-81.204895,24.76190428681221,4.0,4.56140350877193,1.0,27.36842105263158,13.34999999999999
2025-01-15 02:00:00,25,17.243535415569585,300254.6875,cql,20.0,160.0,-79.92742,17.0,20.0,-81.745834,17.0,160.0,-81.204895,14.054054054054054,7.299999999999994,2.5915774789452466,4.749999999999995,14.772727272727273,1.0
2025-01-15 03:00:00,22,74.93841247336877,300023.375,cql,20.0,160.0,-79.92742,17.0,20.0,-81.745834,17.0,160.0,-81.204895,9.1,1.0,3.132530120481928,1.0,62.70588235288684,1.0
2025-01-15 04:00:00,19,33.166530983700724,300752.78125,cql,20.0,160.0,-79.92742,17.0,20.0,-81.745834,17.0,160.0,-81.204895,7.998180815350556,1.0,5.909090909090909,1.0,19.25925925925926,1.0
2025-01-15 05:00:00,16,75.85368393122194,298301.375,cql,20.0,160.0,-79.92742,17.0,20.0,-81.745834,17.0,160.0,-81.204895,65.0,1.0,3.0588222082305587,1.0,7.794861722991387,1.0
2025-01-15 06:00:00,16,52.49434665514455,300115.28125,cql,20.0,160.0,-79.92742,17.0,20.0,-81.745834,17.0,160.0,-81.204895,21.666666666666664,18.099999999999998,11.297293249283259,1.0,39.99999999886313,1.0
2025-01-15 07:00:00,16,59.221857358471354,301065.78125,cql,20.0,160.0,-79.92742,17.0,20.0,-81.745834,17.0,160.0,-81.204895,6.432805574276055,20.0,7.418993405008942,1.0,51.48122367474861,1.0
2025-01-15 08:00:00,11,93.31593302958913,296358.84375,cql,20.0,160.0,-79.92742,17.0,20.0,-81.745834,17.0,160.0,-81.204895,65.0,1.0,16.249830404822212,17.14999999999999,27.36842105263158,1.0
2025-01-15 09:00:00,6,94.41908377785249,297294.71875,cql,20.0,160.0,-79.92742,17.0,20.0,-81.745834,17.0,160.0,-81.204895,0.0,0.0,3.4210526315789473,1.0,90.99803114627355,1.0
2025-01-15 10:00:00,7,201.58132300265987,302662.90625,cql,20.0,160.0,-79.92742,17.0,20.0,-81.745834,17.0,160.0,-81.204895,130.0,1.0,22.057513478850368,1.0,49.52380952380952,1.0
2025-01-15 11:00:00,6,60.45715456647863,299505.59375,cql,20.0,160.0,-79.92742,17.0,20.0,-81.745834,17.0,160.0,-81.204895,0.0,0.0,21.666666666666664,1.0,38.790487899811964,1.0
2025-01-15 12:00:00,5,188.63398467574132,299365.09375,cql,20.0,160.0,-79.92742,17.0,20.0,-81.745834,17.0,160.0,-81.204895,13.0,1.0,60.508273890387066,1.0,115.12571078535423,1.0
2025-01-15 13:00:00,5,126.77595017458174,297232.375,cql,20.0,160.0,-79.92742,17.0,20.0,-81.745834,17.0,160.0,-81.204895,0.0,0.0,12.377001266095286,1.0,114.39894890848645,1.0
2025-01-15 14:00:00,7,68.05555440594324,299494.1875,cql,20.0,160.0,-79.92742,17.0,20.0,-81.745834,17.0,160.0,-81.204895,20.270804990427393,1.0,4.451416082182515,1.0,43.33333333333333,1.0
2025-01-15 15:00:00,7,15.255360623781677,301016.28125,cql,20.0,160.0,-79.92742,17.0,20.0,-81.745834,17.0,160.0,-81.204895,21.666666666666664,1.9,10.4,2.6999999999999993,0.0,0.0
2025-01-15 16:00:00,9,102.38866223543457,297559.46875,cql,20.0,160.0,-79.92742,17.0,20.0,-81.745834,17.0,160.0,-81.204895,64.98236609545026,1.0,3.6111111111111107,1.0,33.79518502887319,1.0
2025-01-15 17:00:00,11,156.1885608251767,299192.46875,cql,20.0,160.0,-79.92742,17.0,20.0,-81.745834,17.0,160.0,-81.204895,129.99999719101143,1.0,9.285714285714285,1.0,16.90284934845098,1.0
2025-01-15 18:00:00,16,56.39883132313753,300367.90625,cql,20.0,160.0,-79.92742,17.0,20.0,-81.745834,17.0,160.0,-81.204895,11.03001691624664,1.0,28.76142198366883,1.0,16.607392423222063,1.0
2025-01-15 19:00:00,16,88.00789913098106,298669.03125,cql,20.0,160.0,-79.92742,17.0,20.0,-81.745834,17.0,160.0,-81.204895,38.007899280929266,1.0,6.666666666666666,1.0,43.33333318338513,1.0
2025-01-15 20:00:00,19,145.73603280080553,298775.8125,cql,20.0,160.0,-79.92742,17.0,20.0,-81.745834,17.0,160.0,-81.204895,130.0,1.0,4.487660450808864,1.0,19.68465161249417,1.75
2025-01-15 21:00:00,21,23.75835002189496,299176.40625,cql,20.0,160.0,-79.92742,17.0,20.0,-81.745834,17.0,160.0,-81.204895,15.709815687326639,1.0,3.4210526315789473,17.14999999999999,7.849056047012695,1.0
2025-01-15 22:00:00,21,34.80620239389957,300542.15625,cql,20.0,160.0,-79.92742,17.0,20.0,-81.745834,17.0,160.0,-81.204895,12.03695332665324,15.25,2.5,1.0,31.51689397903706,1.0
2025-01-15 23:00:00,23,50.69351164373981,299285.0625,cql,20.0,160.0,-79.92742,17.0,20.0,-81.745834,17.0,160.0,-81.204895,32.49351164404463,1.0,5.199999999695177,1.0,13.0,1.0
2025-01-16 00:00:00,24,17.190636200716845,296999.71875,cql,20.0,160.0,-79.92742,17.0,20.0,-81.745834,17.0,160.0,-81.204895,11.555555555555555,1.0,2.708333333333333,12.399999999999993,5.416666666666666,1.0
2025-01-16 01:00:00,21,50.72951785086462,296228.21875,cql,20.0,160.0,-79.92742,17.0,20.0,-81.745834,17.0,160.0,-81.204895,20.227159044507708,1.8499999999999996,3.714285714285714,1.3999999999999986,37.14285714285714,1.0
2025-01-16 02:00:00,25,16.837630031657124,300111.4375,cql,20.0,160.0,-79.92742,17.0,20.0,-81.745834,17.0,160.0,-81.204895,15.757575757575758,20.0,2.7164179104450037,1.0,13.333333333333332,1.0
2025-01-16 03:00:00,22,36.797490200114225,299549.8125,cql,20.0,160.0,-79.92742,17.0,20.0,-81.745834,17.0,160.0,-81.204895,21.666666666666664,1.0,3.1707317072720143,1.0,19.136146921880872,1.5999999999999996
2025-01-16 04:00:00,18,81.54713697982632,297942.03125,cql,20.0,160.0,-79.92742,17.0,20.0,-81.745834,17.0,160.0,-81.204895,57.77772704193812,1.0,1.1607142857142856,1.0,22.608695652173914,1.0
2025-01-16 05:00:00,20,48.11113968786507,299569.96875,cql,20.0,160.0,-79.92742,17.0,20.0,-81.745834,17.0,160.0,-81.204895,37.14272961536323,1.0,1.7567567567567568,11.44999999999998,10.814981534793823,1.0
2025-01-16 06:00:00,16,70.69773236093127,297368.65625,cql,20.0,160.0,-79.92742,17.0,20.0,-81.745834,17.0,160.0,-81.204895,24.76190476190476,1.0,4.436568626282413,1.6999999999999993,43.32608134827214,1.0
2025-01-16 07:00:00,12,93.96519269777679,296990.34375,cql,20.0,160.0,-79.92742,17.0,20.0,-81.745834,17.0,160.0,-81.204895,55.227381548854154,1.0,1.857142857142857,1.0,36.88066829177977,1.0
2025-01-16 08:00:00,8,129.1185472172238,300050.90625,cql,20.0,160.0,-79.92742,17.0,20.0,-81.745834,17.0,160.0,-81.204895,52.0,19.05,10.833333333333332,1.0,115.55555509123955,1.0
2025-01-16 09:00:00,5,179.8333322699636,301241.0,cql,20.0,160.0,-79.92742,17.0,20.0,-81.745834,17.0,160.0,-81.204895,130.0,1.0,6.49999893663025,1.0,43.33333333333333,1.0
2025-01-16 10:00:00,5,357.4927656334287,298285.46875,cql,20.0,160.0,-79.92742,17.0,20.0,-81.745834,17.0,160.0,-81.204895,65.0,1.0,32.492865303086546,1.0,259.99990033034214,1.0
2025-01-16 11:00:00,5,179.06498822300125,301196.09375,cql,20.0,160.0,-79.92742,17.0,20.0,-81.745834,17.0,160.0,-81.204895,63.509432667445694,1.0,0.0,0.0,115.55555555555554,1.0
2025-01-16 12:00:00,5,23.759700458820728,299547.59375,cql,20.0,160.0,-79.92742,17.0,20.0,-81.745834,17.0,160.0,-81.204895,0.0,0.0,42.668088964288685,2.0,41.6,17.14999999999999
2025-01-16 13:00:00,5,262.88888888814995,299164.375,cql,20.0,160.0,-79.92742,17.0,20.0,-81.745834,17.0,160.0,-81.204895,130.0,1.0,28.888888888888886,1.0,103.99999999926104,1.0
2025-01-16 14:00:00,8,143.55059500633598,297404.34375,cql,20.0,160.0,-79.92742,17.0,20.0,-81.745834,17.0,160.0,-81.204895,21.666666666666664,18.099999999999998,12.38095238095238,1.0,129.97258921838545,1.0
2025-01-16 15:00:00,10,51.00564662528738,297965.21875,cql,20.0,160.0,-79.92742,17.0,20.0,-81.745834,17.0,160.0,-81.204895,9.904761904761905,1.0,11.555430175070935,1.0,29.545454545454547,1.0
2025-01-16 16:00:00,9,53.605377010895864,298502.90625,cql,20.0,160.0,-79.92742,17.0,20.0,-81.745834,17.0,160.0,-81.204895,9.904761904761905,1.0,1.6894961548828955,4.6,43.33333333333333,1.0
2025-01-16 17:00:00,9,130.2177979393437,300114.15625,cql,20.0,160.0,-79.92742,17.0,20.0,-81.745834,17.0,160.0,-81.204895,3.735234659744575,17.14999999999999,65.0,1.0,65.0,1.0
2025-01-16 18:00:00,17,35.68727980187047,300196.78125,cql,20.0,160.0,-79.92742,17.0,20.0,-81.745834,17.0,160.0,-81.204895,7.99999757190531,1.0,2.321428571428571,1.0,25.365853658536587,1.0
2025-01-16 19:00:00,16,22.034709215166853,300641.09375,cql,20.0,160.0,-79.92742,17.0,20.0,-81.745834,17.0,160.0,-81.204895,6.117647058780061,1.0,8.96551724137931,16.199999999999996,15.363635166178192,1.0
2025-01-16 20:00:00,18,70.05113341066946,298749.34375,cql,20.0,160.0,-79.92742,17.0,20.0,-81.745834,17.0,160.0,-81.204895,39.49594527000144,1.0,6.842105263157895,1.0,23.713082877510125,1.0
2025-01-16 21:00:00,25,28.291901629072683,299523.75,cql,20.0,160.0,-79.92742,17.0,20.0,-81.745834,17.0,160.0,-81.204895,14.857142857142856,1.0,2.03125,1.0,18.24561403508772,1.5999999999999996
2025-01-16 22:00:00,24,53.81702763367077,301212.3125,cql,20.0,160.0,-79.92742,17.0,20.0,-81.745834,17.0,160.0,-81.204895,4.193018971219089,14.299999999999986,3.999999999985789,1.0,49.52380952380952,1.0
2025-01-16 23:00:00,24,24.353535353535356,299083.21875,cql,20.0,160.0,-79.92742,17.0,20.0,-81.745834,17.0,160.0,-81.204895,5.909090909090909,1.0,4.0,1.0,23.11111111111111,1.5999999999999996
2025-01-17 00:00:00,25,14.239543957017034,298981.71875,cql,20.0,160.0,-79.92742,17.0,20.0,-81.745834,17.0,160.0,-81.204895,32.5,17.14999999999999,1.6844715631551193,1.4499999999999993,11.182795698924732,1.0
2025-01-17 01:00:00,25,15.070856292955318,295795.34375,cql,20.0,160.0,-79.92742,17.0,20.0,-81.745834,17.0,160.0,-81.204895,11.304116721134331,1.0,1.061224483371452,1.0,8.387096774193548,3.099999999999998
2025-01-17 02:00:00,24,36.07419060402108,299262.09375,cql,20.0,160.0,-79.92742,17.0,20.0,-81.745834,17.0,160.0,-81.204895,18.29018795315021,1.0,5.09799020766469,1.0,12.686012443206176,1.0
2025-01-17 03:00:00,22,21.217532467532465,297044.90625,cql,20.0,160.0,-79.92742,17.0,20.0,-81.745834,17.0,160.0,-81.204895,9.285714285714285,1.0,1.625,14.299999999999986,11.818181818181818,1.0
2025-01-17 04:00:00,15,10.854045473120113,300427.21875,cql,20.0,160.0,-79.92742,17.0,20.0,-81.745834,17.0,160.0,-81.204895,9.027496007169411,17.14999999999999,6.499935369605568,1.0,54.73647460255984,14.299999999999986
2025-01-17 05:00:00,17,98.74864413785724,298006.28125,cql,20.0,160.0,-79.92742,17.0,20.0,-81.745834,17.0,160.0,-81.204895,12.02552594104802,1.0,0.8124999997589706,13.34999999999999,86.6622567736063,1.0
2025-01-17 06:00:00,15,124.3395077760935,299163.40625,cql,20.0,160.0,-79.92742,17.0,20.0,-81.745834,17.0,160.0,-81.204895,51.99760271493487,1.0,1.8055555555555554,1.0,70.53634950560307,1.0
2025-01-17 07:00:00,9,86.63510408500206,298736.78125,cql,20.0,160.0,-79.92742,17.0,20.0,-81.745834,17.0,160.0,-81.204895,29.16478103028494,2.6999999999999993,32.49999999971134,1.0,43.33333333333333,1.0
2025-01-17 08:00:00,9,230.19967529423653,299801.84375,cql,20.0,160.0,-79.92742,17.0,20.0,-81.745834,17.0,160.0,-81.204895,95.50526216708235,1.0,4.694444438224827,1.0,129.99996868892936,1.0
2025-01-17 09:00:00,7,153.3202252740849,298344.71875,cql,20.0,160.0,-79.92742,17.0,20.0,-81.745834,17.0,160.0,-81.204895,23.346938775510203,1.0,6.768027908587992e-05,20.0,129.97328311456073,1.0
2025-01-17 10:00:00,9,184.16666666666666,298076.71875,cql,20.0,160.0,-79.92742,17.0,20.0,-81.745834,17.0,160.0,-81.204895,130.0,1.0,21.666666666666664,1.0,32.5,1.0
2025-01-17 11:00:00,5,305.6199767495041,298747.34375,cql,20.0,160.0,-79.92742,17.0,20.0,-81.745834,17.0,160.0,-81.204895,52.32497620650663,3.8499999999999996,32.5,1.0,259.52907383872315,1.0
2025-01-17 12:00:00,5,328.249999755218,299154.28125,cql,20.0,160.0,-79.92742,17.0,20.0,-81.745834,17.0,160.0,-81.204895,64.99999975521803,1.0,3.25,1.0,260.0,1.0
2025-01-17 13:00:00,5,184.88888884678843,300132.84375,cql,20.0,160.0,-79.92742,17.0,20.0,-81.745834,17.0,160.0,-81.204895,51.99999999704414,1.0,28.88888888817045,1.0,103.99999996157385,1.0
2025-01-17 14:00:00,6,328.6111111111111,298646.34375,cql,20.0,160.0,-79.92742,17.0,20.0,-81.745834,17.0,160.0,-81.204895,65.0,1.0,3.6111111111111107,1.0,260.0,1.0
2025-01-17 15:00:00,11,217.9009607037825,300527.34375,cql,20.0,160.0,-79.92742,17.0,20.0,-81.745834,17.0,160.0,-81.204895,100.12433732716511,1.0,3.3766233766173785,1.0,114.4,1.0
2025-01-17 16:00:00,9,183.41825170786245,298900.6875,cql,20.0,160.0,-79.92742,17.0,20.0,-81.745834,17.0,160.0,-81.204895,130.0,1.0,3.418251707862459,1.0,50.0,1.0
2025-01-17 17:00:00,11,190.84740813604952,299165.03125,cql,20.0,160.0,-79.92742,17.0,20.0,-81.745834,17.0,160.0,-81.204895,57.77777777777777,1.0,7.878787878787879,1.0,125.19084247948389,1.0
2025-01-17 18:00:00,14,47.955555544881626,299435.46875,cql,20.0,160.0,-79.92742,17.0,20.0,-81.745834,17.0,160.0,-81.204895,11.555555544881624,1.0,10.4,1.0,26.0,1.0
2025-01-17 19:00:00,14,71.59275204124035,299209.03125,cql,20.0,160.0,-79.92742,17.0,20.0,-81.745834,17.0,160.0,-81.204895,65.0,1.0,4.5081990684646644,17.14999999999999,16.77419072086527,2.6499999999999995
2025-01-17 20:00:00,18,54.03908284059839,301238.8125,cql,20.0,160.0,-79.92742,17.0,20.0,-81.745834,17.0,160.0,-81.204895,45.49986715432388,1.0,2.0392156862745097,1.0,6.5,1.0
2025-01-17 21:00:00,23,4.141161165341003,301859.875,cql,20.0,160.0,-79.92742,17.0,20.0,-81.745834,17.0,160.0,-81.204895,12.983644942046535,4.399999999999999,1.4772727272727273,10.5,14.012695718528066,13.34999999999999
2025-01-17 22:00:00,22,26.93824061631036,302343.875,cql,20.0,160.0,-79.92742,17.0,20.0,-81.745834,17.0,160.0,-81.204895,16.25,1.0,3.5135135135135136,1.0,15.78439962615306,2.1999999999999993
2025-01-17 23:00:00,25,23.002650865754156,299878.84375,cql,20.0,160.0,-79.92742,17.0,20.0,-81.745834,17.0,160.0,-81.204895,12.12035250834598,1.0,2.03125,1.0,8.851048357408173,1.0
2025-01-18 00:00:00,23,43.6944040410347,298063.46875,cql,20.0,160.0,-79.92742,17.0,20.0,-81.745834,17.0,160.0,-81.204895,9.388850416393172,1.0,1.8055555555555554,1.0,32.499998069085976,1.0
2025-01-18 01:00:00,25,30.60320550170383,300218.625,cql,20.0,160.0,-79.92742,17.0,20.0,-81.745834,17.0,160.0,-81.204895,12.38095238095238,1.0,3.6111111111111107,12.399999999999993,17.93103448275862,1.0
2025-01-18 02:00:00,23,54.629858010792475,297847.90625,cql,20.0,160.0,-79.92742,17.0,20.0,-81.745834,17.0,160.0,-81.204895,20.8,1.0,6.4614369581608955,1.0,27.36842105263158,1.0
2025-01-18 03:00:00,23,53.35745409274821,301755.53125,cql,20.0,160.0,-79.92742,17.0,20.0,-81.745834,17.0,160.0,-81.204895,10.196078431372548,1.0,4.642857142857142,1.0,38.51851851851852,1.0
2025-01-18 04:00:00,15,61.595913061045266,300611.65625,cql,20.0,160.0,-79.92742,17.0,20.0,-81.745834,17.0,160.0,-81.204895,14.772727272727273,1.0,20.0,1.0,26.823185788317996,1.0
2025-01-18 05:00:00,17,75.78491756166255,297971.65625,cql,20.0,160.0,-79.92742,17.0,20.0,-81.745834,17.0,160.0,-81.204895,62.21344491890771,1.0,3.457446808510638,12.69999999999999,22.608695652173914,1.6999999999999993
2025-01-18 06:00:00,14,100.18848227044656,297957.625,cql,20.0,160.0,-79.92742,17.0,20.0,-81.745834,17.0,160.0,-81.204895,14.772727272727273,1.0,5.416666666666666,1.0,79.99908833105262,1.0
2025-01-18 07:00:00,11,318.48968253789053,299065.4375,cql,20.0,160.0,-79.92742,17.0,20.0,-81.745834,17.0,160.0,-81.204895,57.199999998208014,1.0,4.642857142857142,3.599999999999998,260.0,1.0
2025-01-18 08:00:00,11,137.18668743184813,300116.28125,cql,20.0,160.0,-79.92742,17.0,20.0,-81.745834,17.0,160.0,-81.204895,30.57912080786078,16.199999999999996,5.299087381980179,1.0,130.0,1.0
2025-01-18 09:00:00,9,200.47728204769408,300263.40625,cql,20.0,160.0,-79.92742,17.0,20.0,-81.745834,17.0,160.0,-81.204895,130.0,1.0,5.356191659150126,1.75,67.41660109960829,1.0
2025-01-18 10:00:00,7,202.90845613547086,299835.625,cql,20.0,160.0,-79.92742,17.0,20.0,-81.745834,17.0,160.0,-81.204895,60.527503754518484,1.0,12.38095238095238,1.0,130.0,1.0
2025-01-18 11:00:00,5,292.49999989042544,298226.375,cql,20.0,160.0,-79.92742,17.0,20.0,-81.745834,17.0,160.0,-81.204895,130.0,1.0,32.49999989042543,1.0,130.0,1.0
2025-01-18 12:00:00,7,227.49999823072432,298769.625,cql,20.0,160.0,-79.92742,17.0,20.0,-81.745834,17.0,160.0,-81.204895,130.0,1.0,32.49999823072433,1.0,65.0,1.0
2025-01-18 13:00:00,7,79.72632715573576,300831.875,cql,20.0,160.0,-79.92742,17.0,20.0,-81.745834,17.0,160.0,-81.204895,32.5,19.05,21.432055116211284,1.0,56.588235294117645,1.0
2025-01-18 14:00:00,8,148.554385232634,299814.96875,cql,20.0,160.0,-79.92742,17.0,20.0,-81.745834,17.0,160.0,-81.204895,130.0,1.0,14.43496790386027,1.0,27.600096102783994,6.699999999999999
2025-01-18 15:00:00,7,117.43333333333332,299112.84375,cql,20.0,160.0,-79.92742,17.0,20.0,-81.745834,17.0,160.0,-81.204895,65.0,1.0,9.1,1.0,43.33333333333333,1.0
2025-01-18 16:00:00,11,103.43927277653403,300280.03125,cql,20.0,160.0,-79.92742,17.0,20.0,-81.745834,17.0,160.0,-81.204895,11.245925938655251,1.0,21.66600812926516,18.099999999999998,90.99632981416246,1.0
2025-01-18 17:00:00,9,87.09567025209027,299205.875,cql,20.0,160.0,-79.92742,17.0,20.0,-81.745834,17.0,160.0,-81.204895,45.169263325683346,1.0,12.38095238095238,1.0,29.545454545454547,1.0
2025-01-18 18:00:00,19,44.11955691367456,299039.5625,cql,20.0,160.0,-79.92742,17.0,20.0,-81.745834,17.0,160.0,-81.204895,18.57142857142857,1.0,1.9117647058823528,1.0,23.636363636363637,1.0
2025-01-18 19:00:00,11,80.4928997132204,302805.25,cql,20.0,160.0,-79.92742,17.0,20.0,-81.745834,17.0,160.0,-81.204895,6.207185427506117,1.0,9.285714285714285,1.0,65.0,1.0
2025-01-18 20:00:00,21,28.65741124828125,301349.15625,cql,20.0,160.0,-79.92742,17.0,20.0,-81.745834,17.0,160.0,-81.204895,3.5957440952768476,1.0,3.0847451660654768,1.0,21.976921986938926,1.0
2025-01-18 21:00:00,21,87.3793690986185,301771.65625,cql,20.0,160.0,-79.92742,17.0,20.0,-81.745834,17.0,160.0,-81.204895,64.53088425013365,1.0,1.1818181818181817,1.0,21.666666666666664,1.0
2025-01-18 22:00:00,23,43.47503923955688,300561.90625,cql,20.0,160.0,-79.92742,17.0,20.0,-81.745834,17.0,160.0,-81.204895,10.917274360946225,1.0,1.9696969696969697,1.0,30.588067908913683,1.0
2025-01-18 23:00:00,23,33.61319943103622,301705.90625,cql,20.0,160.0,-79.92742,17.0,20.0,-81.745834,17.0,160.0,-81.204895,15.757575757575758,1.0,2.223683823114537,1.6499999999999995,16.507936507936506,1.0
2025-01-19 00:00:00,24,24.877049180216822,299624.84375,cql,20.0,160.0,-79.92742,17.0,20.0,-81.745834,17.0,160.0,-81.204895,13.333333333333332,1.0,10.833333331639873,15.25,10.833333333333332,1.0
2025-01-19 01:00:00,25,26.15031906302818,297128.875,cql,20.0,160.0,-79.92742,17.0,20.0,-81.745834,17.0,160.0,-81.204895,18.363190350156895,1.0,2.5742574257425743,2.0,6.5,1.0
2025-01-19 02:00:00,22,11.69629242300747,299823.28125,cql,20.0,160.0,-79.92742,17.0,20.0,-81.745834,17.0,160.0,-81.204895,30.588229935647846,16.199999999999996,3.466666666666667,1.0,6.341463414634147,1.0
2025-01-19 03:00:00,21,37.971016512651765,297384.25,cql,20.0,160.0,-79.92742,17.0,20.0,-81.745834,17.0,160.0,-81.204895,9.454545454545453,14.299999999999986,1.9696969696969697,1.0,35.34016251816141,1.0
2025-01-19 04:00:00,20,43.45921680017094,297988.0,cql,20.0,160.0,-79.92742,17.0,20.0,-81.745834,17.0,160.0,-81.204895,35.12314076539119,1.0,1.5583198373045168,13.34999999999999,8.219347957079039,1.0
2025-01-19 05:00:00,20,65.73281958568953,299216.96875,cql,20.0,160.0,-79.92742,17.0,20.0,-81.745834,17.0,160.0,-81.204895,39.99193606823955,1.0,3.0588235294117645,1.0,22.682059988038205,1.0
2025-01-19 06:00:00,13,84.32944606079151,297103.46875,cql,20.0,160.0,-79.92742,17.0,20.0,-81.745834,17.0,160.0,-81.204895,13.0,17.14999999999999,18.57142857142857,1.0,64.99999999665157,1.0
2025-01-19 07:00:00,15,76.65014313314657,299815.96875,cql,20.0,160.0,-79.92742,17.0,20.0,-81.745834,17.0,160.0,-81.204895,52.0,1.0,4.905660377184207,2.299999999999999,22.517247316979528,1.0
2025-01-19 08:00:00,9,162.50350231399875,300517.71875,cql,20.0,160.0,-79.92742,17.0,20.0,-81.745834,17.0,160.0,-81.204895,130.0,1.0,9.433038543248916,1.9,71.60073748352977,2.5999999999999996
2025-01-19 09:00:00,5,141.5650703839286,299955.03125,cql,20.0,160.0,-79.92742,17.0,20.0,-81.745834,17.0,160.0,-81.204895,0.0,20.0,65.0,1.0,76.5650703839286,1.0
2025-01-19 10:00:00,5,254.70307108821507,298932.78125,cql,20.0,160.0,-79.92742,17.0,20.0,-81.745834,17.0,160.0,-81.204895,130.0,1.0,10.303071097452133,1.0,114.39999999076295,1.0
2025-01-19 11:00:00,5,75.83333333333333,302611.59375,cql,20.0,160.0,-79.92742,17.0,20.0,-81.745834,17.0,160.0,-81.204895,65.0,1.0,10.833333333333332,1.0,0.0,0.0
2025-01-19 12:00:00,7,75.83333333333333,299176.78125,cql,20.0,160.0,-79.92742,17.0,20.0,-81.745834,17.0,160.0,-81.204895,0.0,0.0,10.833333333333332,1.0,65.0,1.0
2025-01-19 13:00:00,5,357.49995459065167,299553.53125,cql,20.0,160.0,-79.92742,17.0,20.0,-81.745834,17.0,160.0,-81.204895,64.9999545906517,1.0,32.5,1.0,260.0,1.0
2025-01-19 14:00:00,5,90.99999999197695,301868.28125,cql,20.0,160.0,-79.92742,17.0,20.0,-81.745834,17.0,160.0,-81.204895,0.0,0.0,65.0,1.0,25.999999991976956,1.0
2025-01-19 15:00:00,9,145.02564573572374,300510.46875,cql,20.0,160.0,-79.92742,17.0,20.0,-81.745834,17.0,160.0,-81.204895,8.525645735723758,1.0,65.0,1.0,71.5,1.0
2025-01-19 16:00:00,8,48.243021329524396,300287.5625,cql,20.0,160.0,-79.92742,17.0,20.0,-81.745834,17.0,160.0,-81.204895,0.0,0.0,12.38095238095238,1.0,35.862068948572016,1.0
2025-01-19 17:00:00,13,50.156765499028594,300136.21875,cql,20.0,160.0,-79.92742,17.0,20.0,-81.745834,17.0,160.0,-81.204895,24.76190476190476,1.0,2.283782152595613,1.0,23.111078584528226,1.0
2025-01-19 18:00:00,13,10.279834134783776,302235.09375,cql,20.0,160.0,-79.92742,17.0,20.0,-81.745834,17.0,160.0,-81.204895,12.999983823615274,17.14999999999999,4.0625,1.0,104.0,19.05
2025-01-19 19:00:00,18,15.385716430007925,300621.875,cql,20.0,160.0,-79.92742,17.0,20.0,-81.745834,17.0,160.0,-81.204895,7.646996912269508,1.8499999999999996,6.666666666666666,1.0,74.28571428571428,16.199999999999996
2025-01-19 20:00:00,18,40.56125768959143,303871.6875,cql,20.0,160.0,-79.92742,17.0,20.0,-81.745834,17.0,160.0,-81.204895,7.809040394691201,1.0,7.386363636363637,1.0,25.365853658536587,1.0
2025-01-19 21:00:00,21,13.56004838228745,301406.78125,cql,20.0,160.0,-79.92742,17.0,20.0,-81.745834,17.0,160.0,-81.204895,5.176463514746674,12.349999999999982,2.307569144216531,1.0,10.833332394771592,1.0
2025-01-19 22:00:00,25,11.281768042218959,302009.15625,cql,20.0,160.0,-79.92742,17.0,20.0,-81.745834,17.0,160.0,-81.204895,11.440000000000001,17.14999999999999,10.0,1.0,5.28652877824338,8.599999999999973
2025-01-19 23:00:00,25,41.687588036597944,300901.625,cql,20.0,160.0,-79.92742,17.0,20.0,-81.745834,17.0,160.0,-81.204895,14.054054054054054,1.0,4.0625,1.0,23.571033982543888,1.0
2025-01-20 00:00:00,25,38.060755336617405,296795.96875,cql,20.0,160.0,-79.92742,17.0,20.0,-81.745834,17.0,160.0,-81.204895,8.96551724137931,1.0,4.642857142857142,1.5,26.0,1.0
2025-01-20 01:00:00,25,15.419039294512984,297724.96875,cql,20.0,160.0,-79.92742,17.0,20.0,-81.745834,17.0,160.0,-81.204895,12.682857205040426,16.199999999999996,2.817965056266943,1.0,11.818181818181818,1.0
2025-01-20 02:00:00,19,72.12006796021936,296904.21875,cql,20.0,160.0,-79.92742,17.0,20.0,-81.745834,17.0,160.0,-81.204895,32.5,1.0,1.8055555555555554,12.399999999999993,39.47445864122294,1.0
2025-01-20 03:00:00,22,62.144875799494265,297279.34375,cql,20.0,160.0,-79.92742,17.0,20.0,-81.745834,17.0,160.0,-81.204895,20.0,16.199999999999996,3.132530120481928,1.0,57.77777777777777,1.0
2025-01-20 04:00:00,18,61.084289920271885,295378.40625,cql,20.0,160.0,-79.92742,17.0,20.0,-81.745834,17.0,160.0,-81.204895,20.222220954754647,1.0,5.0,1.0,35.86206896551724,1.0
2025-01-20 05:00:00,15,65.15129257743125,297212.71875,cql,20.0,160.0,-79.92742,17.0,20.0,-81.745834,17.0,160.0,-81.204895,18.57142857142857,1.0,4.0,1.0,42.57986400600268,1.0
2025-01-20 06:00:00,15,20.68734349716242,295921.875,cql,20.0,160.0,-79.92742,17.0,20.0,-81.745834,17.0,160.0,-81.204895,11.802961593184214,3.3999999999999995,8.124975114140323,1.0,23.636363636363637,2.5999999999999996
2025-01-20 07:00:00,13,34.4717975669634,297357.3125,cql,20.0,160.0,-79.92742,17.0,20.0,-81.745834,17.0,160.0,-81.204895,7.222222222222221,1.0,2.3052811580462023,15.25,27.09840936716438,1.0
2025-01-20 08:00:00,12,143.5196284072597,299249.0625,cql,20.0,160.0,-79.92742,17.0,20.0,-81.745834,17.0,160.0,-81.204895,129.9999999815259,1.0,10.83333112494601,1.0,35.86206896551724,13.34999999999999
2025-01-20 09:00:00,9,273.3790086022576,297564.6875,cql,20.0,160.0,-79.92742,17.0,20.0,-81.745834,17.0,160.0,-81.204895,12.999999855901935,1.0,6.5,17.14999999999999,260.0,1.0
2025-01-20 10:00:00,6,137.38636306283183,298944.84375,cql,20.0,160.0,-79.92742,17.0,20.0,-81.745834,17.0,160.0,-81.204895,0.0,0.0,7.386363062831819,1.0,130.0,1.0
2025-01-20 11:00:00,6,73.11048577086353,297676.625,cql,20.0,160.0,-79.92742,17.0,20.0,-81.745834,17.0,160.0,-81.204895,0.0,0.0,32.48794350059886,1.0,40.622542270264674,1.0
2025-01-20 12:00:00,6,127.29870127440785,300200.4375,cql,20.0,160.0,-79.92742,17.0,20.0,-81.745834,17.0,160.0,-81.204895,0.0,0.0,1.2380952138017822,1.0,126.06060606060606,1.0
2025-01-20 13:00:00,8,143.43253224604803,295989.9375,cql,20.0,160.0,-79.92742,17.0,20.0,-81.745834,17.0,160.0,-81.204895,35.099200094826884,1.0,64.99999881788783,1.0,43.33333333333333,1.0
2025-01-20 14:00:00,7,87.04567541302234,296510.9375,cql,20.0,160.0,-79.92742,17.0,20.0,-81.745834,17.0,160.0,-81.204895,0.0,0.0,6.499999999999999,17.14999999999999,86.66666666666666,1.0
2025-01-20 15:00:00,5,140.83333333333334,299133.03125,cql,20.0,160.0,-79.92742,17.0,20.0,-81.745834,17.0,160.0,-81.204895,0.0,0.0,10.833333333333332,1.0,130.0,1.0
2025-01-20 16:00:00,8,152.23684210526315,298157.03125,cql,20.0,160.0,-79.92742,17.0,20.0,-81.745834,17.0,160.0,-81.204895,21.666666666666664,1.9,10.833333333333332,1.0,130.0,1.0
2025-01-20 17:00:00,10,336.7331165921329,298557.53125,cql,20.0,160.0,-79.92742,17.0,20.0,-81.745834,17.0,160.0,-81.204895,65.0,1.0,11.733116592132857,1.0,260.0,1.0
2025-01-20 18:00:00,13,42.856508737501166,298490.59375,cql,20.0,160.0,-79.92742,17.0,20.0,-81.745834,17.0,160.0,-81.204895,17.93103448275862,1.0,10.833333333333332,1.0,25.365853658536587,1.7999999999999998
2025-01-20 19:00:00,17,97.5546929340735,297030.40625,cql,20.0,160.0,-79.92742,17.0,20.0,-81.745834,17.0,160.0,-81.204895,57.555613999644024,1.0,19.999078934429484,1.0,20.0,1.0
2025-01-20 20:00:00,22,27.337275999757058,300408.40625,cql,20.0,160.0,-79.92742,17.0,20.0,-81.745834,17.0,160.0,-81.204895,25.090172553712772,3.549999999999999,2.936288425941252,1.0,17.333333333333332,1.0
2025-01-20 21:00:00,25,76.72594476552604,298840.28125,cql,20.0,160.0,-79.92742,17.0,20.0,-81.745834,17.0,160.0,-81.204895,57.77777777777777,1.0,4.966073355381994,1.0,13.982093632366276,1.0
2025-01-20 22:00:00,25,21.626265445019325,297693.0625,cql,20.0,160.0,-79.92742,17.0,20.0,-81.745834,17.0,160.0,-81.204895,22.608695394018294,13.34999999999999,3.8450998809718318,12.399999999999993,19.62264150943396,1.0
2025-01-20 23:00:00,22,19.244354237074837,300985.65625,cql,20.0,160.0,-79.92742,17.0,20.0,-81.745834,17.0,160.0,-81.204895,26.444467779190937,1.7999999999999998,4.0,2.299999999999999,7.878787878787879,2.799999999999999
